zip_code,City,CountyName,investment_score,vacancy_rate,price_cut_rate,renter_occupied_units,eviction_count,non_payment_count,ellis_count,owner_exit_count,eviction_rate_per_1k,d_eviction_rate,d_vacancy,d_price_cuts,d_ellis,distress_score,mkt_score
94103,San Francisco,San Francisco County,58.7043795620438,0.2076761619190404,0.2222222222222222,13259.0,467.0,93.0,1.0,3.0,35.22135907685345,98.90510948905109,88.6861313868613,79.37956204379562,93.43065693430657,90.64781021897808,58.7043795620438
94107,San Francisco,San Francisco County,62.22627737226277,0.2116429834326501,0.1538461538461538,9799.0,367.0,241.0,3.0,6.0,37.45280130625574,99.27007299270073,89.41605839416059,51.64233576642335,95.07299270072993,84.27007299270073,62.22627737226277
94109,San Francisco,San Francisco County,66.0036496350365,0.2012814983673218,0.1217391304347826,27131.0,546.0,65.0,9.0,12.0,20.124580737901294,95.98540145985402,88.32116788321169,41.97080291970803,97.62773722627736,80.81204379562044,66.0036496350365
94124,San Francisco,San Francisco County,59.607664233576635,0.0695924764890282,0.2,5534.0,152.0,32.0,6.0,22.0,27.466570292735813,97.08029197080292,55.1094890510949,69.8905109489051,95.98540145985402,79.62591240875913,59.607664233576635
94133,San Francisco,San Francisco County,67.18978102189782,0.1964917679643022,0.1176470588235294,10717.0,151.0,14.0,6.0,8.0,14.08976392647196,93.43065693430657,87.95620437956204,40.14598540145985,95.98540145985402,79.12408759124087,67.18978102189782
94102,San Francisco,San Francisco County,63.05656934306569,0.1802847984866796,0.1,17352.0,559.0,226.0,1.0,2.0,32.21530659289995,97.8102189781022,86.4963503649635,36.31386861313868,93.43065693430657,78.9507299270073,63.05656934306569
94105,San Francisco,San Francisco County,61.058394160583944,0.2246586134453781,0.1590909090909091,4632.0,460.0,94.0,0.0,1.0,99.3091537132988,100.0,90.87591240875912,53.284671532846716,46.53284671532847,78.02007299270073,61.058394160583944
94131,San Francisco,San Francisco County,73.7956204379562,0.1014666987256552,0.16,5550.0,65.0,7.0,7.0,5.0,11.711711711711711,91.6058394160584,70.8029197080292,54.1970802919708,96.71532846715328,77.81934306569343,73.7956204379562
94110,San Francisco,San Francisco County,75.32846715328468,0.1232549595885378,0.0833333333333333,16136.0,431.0,72.0,39.0,50.0,26.71046108081309,96.71532846715328,79.1970802919708,33.02919708029197,100.0,76.90693430656934,75.32846715328468
94115,San Francisco,San Francisco County,76.98905109489051,0.1649638525422716,0.06,12456.0,215.0,88.0,2.0,7.0,17.260757867694284,95.25547445255475,83.94160583941606,31.02189781021898,94.34306569343066,76.23175182481752,76.98905109489051
94132,San Francisco,San Francisco County,50.355839416058394,0.1217851739788199,0.0833333333333333,5539.0,84.0,20.0,2.0,7.0,15.16519227297346,94.16058394160584,77.73722627737226,33.02919708029197,94.34306569343066,74.7992700729927,50.355839416058394
94123,San Francisco,San Francisco County,77.28102189781023,0.1661168708765315,0.0277777777777777,9108.0,99.0,6.0,3.0,11.0,10.869565217391305,91.24087591240875,84.67153284671532,26.277372262773724,95.07299270072993,73.93248175182481,77.28102189781023
94118,San Francisco,San Francisco County,76.13138686131387,0.115049458313707,0.0588235294117647,10899.0,129.0,9.0,9.0,23.0,11.835948252133223,91.97080291970804,77.00729927007299,30.656934306569344,97.62773722627736,73.75,76.13138686131387
94114,San Francisco,San Francisco County,75.07299270072993,0.0929422872654313,0.0898876404494382,9314.0,136.0,36.0,1.0,14.0,14.601674898003006,93.7956204379562,68.24817518248175,33.57664233576642,93.43065693430657,72.2992700729927,75.07299270072993
94121,San Francisco,San Francisco County,73.22080291970804,0.0919521024784182,0.0285714285714285,10119.0,165.0,19.0,23.0,36.0,16.30595908686629,94.8905109489051,67.88321167883211,26.642335766423358,99.08759124087592,71.70620437956204,73.22080291970804
94108,San Francisco,San Francisco County,64.47992700729927,0.2289063705074811,0.0434782608695652,5828.0,94.0,13.0,0.0,1.0,16.129032258064516,94.52554744525547,91.24087591240875,29.927007299270077,46.53284671532847,70.35583941605839,64.47992700729927
94117,San Francisco,San Francisco County,82.62773722627738,0.1222543844713093,0.0,12993.0,179.0,15.0,8.0,18.0,13.776648964827215,92.7007299270073,78.46715328467153,13.138686131386862,97.08029197080292,69.90875912408758,82.62773722627738
94116,San Francisco,San Francisco County,48.77737226277373,0.0655257678292556,0.0425531914893617,3997.0,134.0,9.0,23.0,39.0,33.525143857893426,98.17518248175182,52.18978102189781,29.56204379562044,99.08759124087592,69.66240875912408,48.77737226277373
94127,San Francisco,San Francisco County,52.06204379562044,0.0646170589035505,0.0303030303030303,1335.0,38.0,0.0,6.0,5.0,28.46441947565543,97.44525547445255,51.45985401459854,27.00729927007299,95.98540145985402,68.12043795620437,52.06204379562044
94112,San Francisco,San Francisco County,53.88686131386861,0.0558296546351597,0.0389610389610389,7417.0,251.0,46.0,30.0,57.0,33.841175677497645,98.54014598540147,41.24087591240876,28.832116788321166,99.63503649635037,66.95255474452556,53.88686131386861
94134,San Francisco,San Francisco County,59.36131386861315,0.0526991256918264,0.0816326530612244,4485.0,104.0,15.0,10.0,16.0,23.18840579710145,96.35036496350365,38.32116788321168,32.481751824817515,98.17518248175182,66.14963503649633,59.36131386861315
94122,San Francisco,San Francisco County,70.87591240875912,0.0718108831400535,0.0,11233.0,196.0,23.0,18.0,33.0,17.44858897890145,95.62043795620438,57.66423357664233,13.138686131386862,98.54014598540147,65.94890510948905,70.87591240875912
95110,San Jose,Santa Clara County,43.083941605839414,0.1194922672891742,0.2978723404255319,4239.0,,,,,0.0,45.07299270072993,77.37226277372264,95.25547445255475,46.53284671532847,65.91240875912409,43.083941605839414
95442,Glen Ellen,Sonoma County,30.0,0.2098962490023942,0.2121212121212121,342.0,,,,,0.0,45.07299270072993,89.05109489051095,77.00729927007299,46.53284671532847,64.27007299270073,30.0
95117,San Jose,Santa Clara County,52.35401459854014,0.0935412026726058,0.3,6432.0,,,,,0.0,45.07299270072993,68.61313868613139,95.98540145985402,46.53284671532847,63.90510948905109,52.35401459854014
94111,San Francisco,San Francisco County,67.04379562043795,0.1672117743254292,,1924.0,25.0,15.0,0.0,0.0,12.993762993762994,92.33576642335767,85.03649635036497,13.138686131386862,46.53284671532847,63.841240875912405,67.04379562043795
95446,Guerneville,Sonoma County,26.386861313868614,0.3481512255920233,0.2,750.0,,,,,0.0,45.07299270072993,93.7956204379562,69.8905109489051,46.53284671532847,63.677007299270066,26.386861313868614
94518,Concord,Contra Costa County,42.18978102189781,0.0119268745722944,0.3108108108108108,3017.0,1.0,1.0,0.0,0.0,0.33145508783559824,90.51094890510949,1.4598540145985401,97.08029197080292,46.53284671532847,63.29379562043795,42.18978102189781
94158,San Francisco,San Francisco County,59.24270072992701,0.1033103754721173,,2798.0,107.0,63.0,0.0,0.0,38.24160114367405,99.63503649635037,71.8978102189781,13.138686131386862,46.53284671532847,63.11131386861313,59.24270072992701
94558,Napa,Napa County,35.54744525547445,0.1248917659670968,0.2162162162162162,7758.0,,,,,0.0,45.07299270072993,79.92700729927007,77.73722627737226,46.53284671532847,62.17153284671532,35.54744525547445
94104,San Francisco,San Francisco County,63.18430656934307,0.1111111111111111,,213.0,3.0,2.0,0.0,0.0,14.084507042253522,93.06569343065694,75.18248175182481,13.138686131386862,46.53284671532847,61.63321167883211,63.18430656934307
94965,Sausalito,Marin County,52.7919708029197,0.0718868234907057,0.3225806451612903,2823.0,,,,,0.0,45.07299270072993,58.02919708029197,97.44525547445255,46.53284671532847,61.62408759124087,52.7919708029197
95448,Healdsburg,Sonoma County,38.37591240875912,0.2178730752626277,0.1868131868131868,2679.0,,,,,0.0,45.07299270072993,89.78102189781022,65.32846715328468,46.53284671532847,61.53284671532846,38.37591240875912
94303,East Palo Alto,San Mateo County,48.01094890510949,0.0795741103950686,0.2622950819672131,6176.0,,,,,0.0,45.07299270072993,62.40875912408759,91.6058394160584,46.53284671532847,61.25912408759123,48.01094890510949
94401,San Mateo,San Mateo County,50.78467153284672,0.0776572000307858,0.2631578947368421,7132.0,,,,,0.0,45.07299270072993,61.67883211678832,91.97080291970804,46.53284671532847,61.16788321167883,50.78467153284672
94505,Discovery Bay,Contra Costa County,20.85766423357664,0.0954031375410434,0.2293577981651376,556.0,,,,,0.0,45.07299270072993,68.97810218978103,83.57664233576642,46.53284671532847,60.894160583941606,20.85766423357664
94607,Oakland,Alameda County,46.66058394160584,0.1517774602907807,0.1951219512195122,7881.0,,,,,0.0,45.07299270072993,82.48175182481752,68.06569343065694,46.53284671532847,60.39233576642336,46.66058394160584
94923,Occidental,Sonoma County,28.175182481751825,0.9923312883435584,0.1538461538461538,174.0,,,,,0.0,45.07299270072993,98.54014598540147,51.64233576642335,46.53284671532847,60.30109489051094,28.175182481751825
95008,Campbell,Santa Clara County,55.65693430656934,0.0696818301341046,0.2769230769230769,9476.0,,,,,0.0,45.07299270072993,55.47445255474452,93.97810218978103,46.53284671532847,60.11861313868613,55.65693430656934
94542,Hayward,Alameda County,38.558394160583944,0.0658288450029922,0.3076923076923077,1471.0,,,,,0.0,45.07299270072993,52.55474452554745,96.71532846715328,46.53284671532847,60.07299270072993,38.558394160583944
94508,Angwin,Napa County,43.7043795620438,0.2226720647773279,0.1724137931034483,343.0,,,,,0.0,45.07299270072993,90.51094890510949,58.3941605839416,46.53284671532847,59.98175182481751,43.7043795620438
95033,Lexington Hills,Santa Clara County,38.64963503649635,0.124634600053149,0.1884057971014492,727.0,,,,,0.0,45.07299270072993,79.56204379562044,65.69343065693431,46.53284671532847,59.06934306569343,38.64963503649635
95126,San Jose,Santa Clara County,51.75182481751824,0.0635044064282011,0.2727272727272727,10106.0,,,,,0.0,45.07299270072993,50.36496350364964,93.43065693430657,46.53284671532847,58.70437956204379,51.75182481751824
94511,Bethel Island,Contra Costa County,32.72810218978102,0.3076009501187648,0.15,226.0,,,,,0.0,45.07299270072993,92.7007299270073,50.0,46.53284671532847,58.43065693430657,32.72810218978102
95128,San Jose,Santa Clara County,52.18978102189781,0.0823239283382896,0.2203389830508474,7684.0,,,,,0.0,45.07299270072993,63.868613138686136,78.28467153284672,46.53284671532847,58.293795620437955,52.18978102189781
94559,Napa,Napa County,45.25547445255474,0.1086977601086008,0.1919191919191919,5140.0,,,,,0.0,45.07299270072993,74.81751824817519,66.78832116788321,46.53284671532847,58.15693430656934,45.25547445255474
94062,Emerald Lake Hills,San Mateo County,47.956204379562045,0.078417191858663,0.2207792207792207,2674.0,,,,,0.0,45.07299270072993,62.04379562043796,78.83211678832117,46.53284671532847,57.97445255474452,47.956204379562045
95134,San Jose,Santa Clara County,54.543795620437955,0.0838070252149832,,11937.0,1.0,1.0,0.0,0.0,0.08377314233056883,90.14598540145985,64.59854014598541,13.138686131386862,46.53284671532847,57.965328467153284,54.543795620437955
94574,Saint Helena,Napa County,46.42335766423358,0.2490598785073763,0.1475409836065573,1124.0,,,,,0.0,45.07299270072993,91.6058394160584,48.722627737226276,46.53284671532847,57.83759124087591,46.42335766423358
95118,San Jose,Santa Clara County,48.6405109489051,0.054308599595106,0.3478260869565217,4163.0,,,,,0.0,45.07299270072993,39.78102189781022,99.27007299270073,46.53284671532847,57.51824817518248,48.6405109489051
95476,Sonoma,Sonoma County,34.85401459854015,0.0970721163293378,0.1962025316455696,5359.0,,,,,0.0,45.07299270072993,69.7080291970803,68.61313868613139,46.53284671532847,57.335766423357654,34.85401459854015
95409,Santa Rosa,Sonoma County,33.70437956204379,0.0702597840755735,0.2242990654205607,3973.0,,,,,0.0,45.07299270072993,56.20437956204379,80.65693430656934,46.53284671532847,56.97080291970802,33.70437956204379
94608,Emeryville,Alameda County,50.00000000000001,0.1044404746714303,0.1818181818181818,10422.0,,,,,0.0,45.07299270072993,73.35766423357664,63.32116788321168,46.53284671532847,56.92518248175182,50.00000000000001
94621,Oakland,Alameda County,43.448905109489054,0.0589979246961162,0.2571428571428571,6623.0,,,,,0.0,45.07299270072993,45.25547445255474,91.05839416058394,46.53284671532847,56.833941605839414,43.448905109489054
94028,Portola Valley,San Mateo County,41.879562043795616,0.0590291262135922,0.25,432.0,,,,,0.0,45.07299270072993,45.62043795620438,88.6861313868613,46.53284671532847,56.33211678832116,41.879562043795616
94403,San Mateo,San Mateo County,54.52554744525549,0.0809053696123284,0.2028985507246377,7845.0,,,,,0.0,45.07299270072993,63.503649635036496,70.8029197080292,46.53284671532847,56.33211678832116,54.52554744525549
94920,Tiburon,Marin County,54.41605839416058,0.0851477449455676,0.1951219512195122,1562.0,,,,,0.0,45.07299270072993,64.96350364963503,68.06569343065694,46.53284671532847,56.01277372262773,54.41605839416058
94043,Mountain View,Santa Clara County,63.394160583941606,0.1033734759518288,0.1764705882352941,7421.0,,,,,0.0,45.07299270072993,72.26277372262774,60.76642335766424,46.53284671532847,56.01277372262773,63.394160583941606
94022,Los Altos,Santa Clara County,50.720802919708035,0.1111565181855333,0.1702127659574468,1344.0,,,,,0.0,45.07299270072993,75.54744525547446,57.299270072992705,46.53284671532847,55.96715328467153,50.720802919708035
94595,Walnut Creek,Contra Costa County,32.7007299270073,0.0508032547465053,0.2982456140350877,1865.0,,,,,0.0,45.07299270072993,37.22627737226277,95.62043795620438,46.53284671532847,55.967153284671525,32.7007299270073
94040,Mountain View,Santa Clara County,64.96350364963503,0.1034917684545937,0.175438596491228,9416.0,,,,,0.0,45.07299270072993,72.62773722627736,59.67153284671532,46.53284671532847,55.830291970802904,64.96350364963503
94947,Novato,Marin County,34.7992700729927,0.0455236853541938,0.3548387096774194,2389.0,,,,,0.0,45.07299270072993,32.481751824817515,99.63503649635037,46.53284671532847,55.784671532846716,34.7992700729927
94066,San Bruno,San Mateo County,44.99999999999999,0.0759443602083196,0.2037037037037037,5639.0,,,,,0.0,45.07299270072993,60.58394160583942,71.53284671532847,46.53284671532847,55.784671532846716,44.99999999999999
95688,Vacaville,Solano County,43.7956204379562,0.0585678660491628,0.2434782608695652,4129.0,,,,,0.0,45.07299270072993,44.89051094890511,86.86131386861314,46.53284671532847,55.693430656934304,43.7956204379562
94538,Fremont,Alameda County,51.71532846715328,0.0564151284835323,0.2542372881355932,12207.0,,,,,0.0,45.07299270072993,41.97080291970803,89.78102189781022,46.53284671532847,55.6934306569343,51.71532846715328
94085,Sunnyvale,Santa Clara County,61.21350364963504,0.0630026809651474,0.2258064516129032,5432.0,,,,,0.0,45.07299270072993,50.0,81.56934306569343,46.53284671532847,55.647810218978094,61.21350364963504
94301,Palo Alto,Santa Clara County,66.55109489051094,0.155680224403927,0.1463414634146341,3201.0,,,,,0.0,45.07299270072993,83.21167883211679,47.99270072992701,46.53284671532847,55.55656934306569,66.55109489051094
94930,Fairfax,Marin County,44.62591240875913,0.0912828947368421,0.1818181818181818,1234.0,,,,,0.0,45.07299270072993,67.15328467153284,63.32116788321168,46.53284671532847,55.374087591240865,44.62591240875913
94590,Vallejo,Solano County,45.51094890510949,0.0714285714285714,0.2040816326530612,8882.0,,,,,0.0,45.07299270072993,56.934306569343065,72.08029197080292,46.53284671532847,55.00912408759123,45.51094890510949
95620,Dixon,Solano County,56.91605839416058,0.0430679250299082,0.3333333333333333,2893.0,,,,,0.0,45.07299270072993,29.1970802919708,98.17518248175182,46.53284671532847,54.598540145985396,56.91605839416058
95497,The Sea Ranch,Sonoma County,31.998175182481756,1.855365474339036,0.032258064516129,45.0,,,,,0.0,45.07299270072993,99.63503649635037,27.37226277372263,46.53284671532847,54.50729927007299,31.998175182481756
94089,Sunnyvale,Santa Clara County,48.95985401459855,0.0417821123794746,0.3333333333333333,4255.0,,,,,0.0,45.07299270072993,28.102189781021895,98.17518248175182,46.53284671532847,54.32481751824817,48.95985401459855
95687,Vacaville,Solano County,45.36496350364964,0.0565059386633575,0.2275862068965517,7818.0,,,,,0.0,45.07299270072993,42.33576642335766,82.48175182481752,46.53284671532847,53.959854014598534,45.36496350364964
94510,Benicia,Solano County,44.50729927007299,0.0428492950009155,0.2972972972972973,3260.0,,,,,0.0,45.07299270072993,28.832116788321166,94.8905109489051,46.53284671532847,53.686131386861305,44.50729927007299
94550,Livermore,Alameda County,41.11313868613139,0.0569524913093858,0.2222222222222222,4227.0,,,,,0.0,45.07299270072993,43.06569343065693,79.37956204379562,46.53284671532847,53.366788321167874,41.11313868613139
94515,Calistoga,Napa County,47.58211678832117,0.1946480938416422,0.0952380952380952,936.0,,,,,0.0,45.07299270072993,87.59124087591242,34.67153284671533,46.53284671532847,53.32116788321168,47.58211678832117
94589,Vallejo,Solano County,37.11678832116789,0.0374790619765494,0.3396226415094339,3524.0,,,,,0.0,45.07299270072993,23.357664233576642,98.90510948905109,46.53284671532847,53.32116788321167,37.11678832116789
94563,Orinda,Contra Costa County,46.040145985401466,0.0405532429166107,0.2769230769230769,529.0,,,,,0.0,45.07299270072993,25.91240875912409,93.97810218978103,46.53284671532847,52.72810218978102,46.040145985401466
94601,Oakland,Alameda County,47.93795620437956,0.0723335205641889,0.1774193548387097,10592.0,,,,,0.0,45.07299270072993,58.3941605839416,61.31386861313869,46.53284671532847,52.68248175182481,47.93795620437956
94610,Oakland,Alameda County,65.56569343065695,0.1072917983065841,0.140625,10067.0,,,,,0.0,45.07299270072993,73.72262773722628,45.98540145985402,46.53284671532847,52.68248175182481,65.56569343065695
94523,Pleasant Hill,Contra Costa County,52.13503649635037,0.0449630051223676,0.25,5148.0,,,,,0.0,45.07299270072993,30.656934306569344,88.6861313868613,46.53284671532847,52.591240875912405,52.13503649635037
94568,Dublin,Alameda County,48.029197080291965,0.04074969257516,0.2681564245810056,8404.0,,,,,0.0,45.07299270072993,26.277372262773724,92.7007299270073,46.53284671532847,52.5,48.029197080291965
94566,Pleasanton,Alameda County,43.3941605839416,0.045853840882188,0.2365591397849462,4551.0,,,,,0.0,45.07299270072993,33.21167883211679,85.40145985401459,46.53284671532847,52.40875912408758,43.3941605839416
95070,Saratoga,Santa Clara County,44.43430656934307,0.0700964050815388,0.1785714285714285,1450.0,,,,,0.0,45.07299270072993,55.839416058394164,62.59124087591241,46.53284671532847,52.363138686131386,44.43430656934307
94536,Fremont,Alameda County,47.31751824817518,0.0490136754205494,0.2288135593220339,10262.0,,,,,0.0,45.07299270072993,35.4014598540146,82.84671532846716,46.53284671532847,52.317518248175176,47.31751824817518
95127,San Jose,Santa Clara County,37.22627737226277,0.0623181070479564,0.1967213114754098,5398.0,,,,,0.0,45.07299270072993,49.27007299270073,68.97810218978103,46.53284671532847,52.317518248175176,37.22627737226277
95030,Los Gatos,Santa Clara County,50.310218978102185,0.1007957559681697,0.1458333333333333,1164.0,,,,,0.0,45.07299270072993,70.43795620437956,47.44525547445255,46.53284671532847,52.22627737226277,50.310218978102185
94539,Fremont,Alameda County,45.49270072992701,0.055938090305283,0.209090909090909,3310.0,,,,,0.0,45.07299270072993,41.605839416058394,75.91240875912408,46.53284671532847,52.13503649635036,45.49270072992701
94577,San Leandro,Alameda County,49.470802919708035,0.0450731239510908,0.2372881355932203,7256.0,,,,,0.0,45.07299270072993,31.386861313868614,85.76642335766424,46.53284671532847,52.04379562043795,49.470802919708035
94571,Rio Vista,Solano County,43.85948905109489,0.0361287907150879,0.3020833333333333,1156.0,,,,,0.0,45.07299270072993,20.437956204379564,96.35036496350365,46.53284671532847,51.95255474452554,43.85948905109489
95051,Santa Clara,Santa Clara County,62.82846715328467,0.0729225063607745,0.1709401709401709,12470.0,,,,,0.0,45.07299270072993,58.75912408759124,58.02919708029197,46.53284671532847,51.95255474452554,62.82846715328467
94603,Oakland,Alameda County,45.2007299270073,0.0445432192169472,0.2432432432432432,5787.0,,,,,0.0,45.07299270072993,30.29197080291971,86.4963503649635,46.53284671532847,51.95255474452554,45.2007299270073
94025,Menlo Park,San Mateo County,65.74817518248176,0.1309498919785351,0.0985915492957746,5725.0,,,,,0.0,45.07299270072993,80.2919708029197,35.76642335766424,46.53284671532847,51.77007299270072,65.74817518248176
94030,Millbrae,San Mateo County,46.815693430656935,0.0641565518949715,0.1851851851851851,3119.0,,,,,0.0,45.07299270072993,51.09489051094891,64.96350364963503,46.53284671532847,51.77007299270072,46.815693430656935
94939,Larkspur,Marin County,62.6551094890511,0.095554272517321,0.1428571428571428,1799.0,,,,,0.0,45.07299270072993,69.34306569343066,46.53284671532847,46.53284671532847,51.72445255474452,62.6551094890511
94606,Oakland,Alameda County,55.61131386861314,0.1073795564618914,0.119047619047619,12631.0,,,,,0.0,45.07299270072993,74.08759124087592,40.693430656934304,46.53284671532847,51.4507299270073,55.61131386861314
94534,Fairfield,Solano County,41.6970802919708,0.0434718429404384,0.2307692307692307,3197.0,,,,,0.0,45.07299270072993,29.56204379562044,84.12408759124088,46.53284671532847,51.17700729927007,41.6970802919708
94970,Stinson Beach,Marin County,32.88321167883212,2.276315789473684,,92.0,,,,,0.0,45.07299270072993,100.0,13.138686131386862,46.53284671532847,51.04014598540145,32.88321167883212
95125,San Jose,Santa Clara County,54.23357664233577,0.0522594821820961,0.2076923076923077,8577.0,,,,,0.0,45.07299270072993,37.95620437956204,75.0,46.53284671532847,50.99452554744525,54.23357664233577
95450,Jenner,Sonoma County,37.49087591240876,1.6339285714285714,,43.0,,,,,0.0,45.07299270072993,99.27007299270073,13.138686131386862,46.53284671532847,50.85766423357664,37.49087591240876
95404,Santa Rosa,Sonoma County,49.53467153284672,0.0714149200484168,0.1636363636363636,6586.0,,,,,0.0,45.07299270072993,56.56934306569343,55.65693430656934,46.53284671532847,50.81204379562043,49.53467153284672
94929,,Marin County,52.52737226277373,1.2849462365591398,,75.0,,,,,0.0,45.07299270072993,98.90510948905109,13.138686131386862,46.53284671532847,50.76642335766422,52.52737226277373
94129,San Francisco,San Francisco County,79.13321167883213,0.0465815176558978,,1331.0,3.0,0.0,0.0,0.0,2.2539444027047333,90.87591240875912,34.306569343065696,13.138686131386862,46.53284671532847,50.647810218978094,79.13321167883213
94971,Tomales,Marin County,44.93613138686132,0.868421052631579,,21.0,,,,,0.0,45.07299270072993,98.17518248175182,13.138686131386862,46.53284671532847,50.583941605839414,44.93613138686132
95465,Occidental,Sonoma County,42.10766423357664,0.8493408662900188,,185.0,,,,,0.0,45.07299270072993,97.8102189781022,13.138686131386862,46.53284671532847,50.49270072992701,42.10766423357664
94587,Union City,Alameda County,41.77007299270074,0.0384947267497603,0.2450980392156862,7102.0,,,,,0.0,45.07299270072993,23.722627737226276,87.22627737226277,46.53284671532847,50.492700729927,41.77007299270074
94940,Marshall,Marin County,41.81569343065694,0.7796610169491526,,55.0,,,,,0.0,45.07299270072993,97.44525547445255,13.138686131386862,46.53284671532847,50.40145985401459,41.81569343065694
94583,San Ramon,Contra Costa County,45.74817518248175,0.0288173925731378,0.3333333333333333,3681.0,,,,,0.0,45.07299270072993,12.408759124087592,98.17518248175182,46.53284671532847,50.40145985401459,45.74817518248175
94924,Bolinas,Marin County,41.706204379562045,0.7629757785467128,,202.0,,,,,0.0,45.07299270072993,97.08029197080292,13.138686131386862,46.53284671532847,50.310218978102185,41.706204379562045
94002,Belmont,San Mateo County,63.57664233576643,0.0667956513727658,0.1636363636363636,4706.0,,,,,0.0,45.07299270072993,54.379562043795616,55.65693430656934,46.53284671532847,50.26459854014598,63.57664233576643
94060,Pescadero,San Mateo County,50.70255474452555,0.7486187845303868,,126.0,,,,,0.0,45.07299270072993,96.71532846715328,13.138686131386862,46.53284671532847,50.21897810218978,50.70255474452555
94553,Martinez,Contra Costa County,44.27007299270073,0.0401063940753103,0.2336448598130841,5362.0,,,,,0.0,45.07299270072993,25.18248175182482,84.67153284671532,46.53284671532847,50.21897810218978,44.27007299270073
95403,Santa Rosa,Sonoma County,50.05474452554744,0.0581875,0.1888888888888888,7150.0,,,,,0.0,45.07299270072993,43.79562043795621,66.05839416058394,46.53284671532847,50.21897810218978,50.05474452554744
94014,Daly City,San Mateo County,58.75912408759124,0.0887683744826602,0.1290322580645161,5780.0,,,,,0.0,45.07299270072993,65.69343065693431,43.97810218978102,46.53284671532847,50.17335766423357,58.75912408759124
95129,San Jose,Santa Clara County,64.34306569343066,0.0673869775376741,0.1632653061224489,5765.0,,,,,0.0,45.07299270072993,54.74452554744526,54.74452554744526,46.53284671532847,50.12773722627737,64.34306569343066
95421,Cazadero,Sonoma County,32.408759124087595,0.7342857142857143,,185.0,,,,,0.0,45.07299270072993,96.35036496350365,13.138686131386862,46.53284671532847,50.12773722627737,32.408759124087595
94560,Newark,Alameda County,45.510948905109494,0.0449848024316109,0.2203389830508474,4515.0,,,,,0.0,45.07299270072993,31.02189781021898,78.28467153284672,46.53284671532847,50.082116788321166,45.510948905109494
95462,Monte Rio,Sonoma County,29.333941605839417,0.7182608695652174,,131.0,,,,,0.0,45.07299270072993,95.98540145985402,13.138686131386862,46.53284671532847,50.036496350364956,29.333941605839417
95014,Cupertino,Santa Clara County,59.43430656934307,0.0595764486851291,0.1785714285714285,8785.0,,,,,0.0,45.07299270072993,46.35036496350365,62.59124087591241,46.53284671532847,49.990875912408754,59.43430656934307
95140,,Santa Clara County,39.571167883211686,0.5789473684210527,,9.0,,,,,0.0,45.07299270072993,95.62043795620438,13.138686131386862,46.53284671532847,49.94525547445255,39.571167883211686
94937,Point Reyes Station,Marin County,23.056569343065696,0.5551470588235294,,130.0,,,,,0.0,45.07299270072993,95.25547445255475,13.138686131386862,46.53284671532847,49.85401459854015,23.056569343065696
94956,Point Reyes Station,Marin County,23.604014598540147,0.4654654654654654,,182.0,,,,,0.0,45.07299270072993,94.8905109489051,13.138686131386862,46.53284671532847,49.76277372262773,23.604014598540147
94619,Oakland,Alameda County,47.153284671532845,0.0616360045733291,0.1739130434782608,2889.0,,,,,0.0,45.07299270072993,48.54014598540146,59.12408759124088,46.53284671532847,49.67153284671532,47.153284671532845
95412,Annapolis,Sonoma County,30.611313868613145,0.3577235772357723,,49.0,,,,,0.0,45.07299270072993,94.52554744525547,13.138686131386862,46.53284671532847,49.67153284671532,30.611313868613145
94547,Hercules,Contra Costa County,28.81386861313869,0.0345939933259176,0.25,1797.0,,,,,0.0,45.07299270072993,18.97810218978102,88.6861313868613,46.53284671532847,49.67153284671532,28.81386861313869
95116,San Jose,Santa Clara County,47.43613138686131,0.0313400842634341,0.2708333333333333,8173.0,,,,,0.0,45.07299270072993,14.5985401459854,93.06569343065694,46.53284671532847,49.67153284671532,47.43613138686131
95492,Windsor,Sonoma County,40.94890510948905,0.0414207205373498,0.2241379310344827,2300.0,,,,,0.0,45.07299270072993,27.37226277372263,80.1094890510949,46.53284671532847,49.62591240875912,40.94890510948905
95419,Camp Meeker,Sonoma County,21.19525547445256,0.3511450381679389,,44.0,,,,,0.0,45.07299270072993,94.16058394160584,13.138686131386862,46.53284671532847,49.58029197080292,21.19525547445256
94941,Mill Valley,Marin County,61.22262773722627,0.0996125282531482,0.1052631578947368,4038.0,,,,,0.0,45.07299270072993,70.07299270072993,37.22627737226277,46.53284671532847,49.58029197080292,61.22262773722627
94019,Half Moon Bay,San Mateo County,55.63868613138686,0.0913842826243691,0.1136363636363636,1334.0,,,,,0.0,45.07299270072993,67.51824817518248,39.416058394160586,46.53284671532847,49.489051094890506,55.63868613138686
94567,Pope Valley,Napa County,21.706204379562045,0.3242009132420091,,79.0,,,,,0.0,45.07299270072993,93.43065693430657,13.138686131386862,46.53284671532847,49.397810218978094,21.706204379562045
94306,Palo Alto,Santa Clara County,65.7846715328467,0.1076291736616302,0.0666666666666666,4812.0,,,,,0.0,45.07299270072993,74.45255474452554,31.934306569343068,46.53284671532847,49.3521897810219,65.7846715328467
94938,Bolinas,Marin County,55.68430656934307,0.3201754385964912,,78.0,,,,,0.0,45.07299270072993,93.06569343065694,13.138686131386862,46.53284671532847,49.30656934306569,55.68430656934307
95112,San Jose,Santa Clara County,53.61313868613139,0.0742908387218577,0.1428571428571428,15139.0,,,,,0.0,45.07299270072993,59.48905109489051,46.53284671532847,46.53284671532847,49.26094890510949,53.61313868613139
94086,Sunnyvale,Santa Clara County,68.48540145985402,0.049458196639825,0.2,14043.0,,,,,0.0,45.07299270072993,35.76642335766424,69.8905109489051,46.53284671532847,49.169708029197075,68.48540145985402
94015,Daly City,San Mateo County,48.32116788321168,0.0765774565344794,0.1296296296296296,8101.0,,,,,0.0,45.07299270072993,60.94890510948905,44.70802919708029,46.53284671532847,49.169708029197075,48.32116788321168
95452,Kenwood,Sonoma County,28.567518248175183,0.269449715370019,,151.0,,,,,0.0,45.07299270072993,92.33576642335767,13.138686131386862,46.53284671532847,49.12408759124087,28.567518248175183
94526,Danville,Contra Costa County,39.96350364963504,0.0370461639559717,0.2291666666666666,1832.0,,,,,0.0,45.07299270072993,22.26277372262774,83.21167883211679,46.53284671532847,49.12408759124087,39.96350364963504
95441,Geyserville,Sonoma County,44.1058394160584,0.2649572649572649,,260.0,,,,,0.0,45.07299270072993,91.97080291970804,13.138686131386862,46.53284671532847,49.03284671532846,44.1058394160584
94010,Hillsborough,San Mateo County,70.16423357664236,0.0863098942128189,0.1147540983606557,6121.0,,,,,0.0,45.07299270072993,65.32846715328468,39.78102189781022,46.53284671532847,49.03284671532846,70.16423357664236
95020,Gilroy,Santa Clara County,48.64963503649635,0.0444287373150906,0.2066115702479339,6975.0,,,,,0.0,45.07299270072993,29.927007299270077,74.45255474452554,46.53284671532847,48.850364963503644,48.64963503649635
94591,Vallejo,Solano County,40.54744525547445,0.0344949853105055,0.2391304347826087,6317.0,,,,,0.0,45.07299270072993,18.248175182481752,86.13138686131386,46.53284671532847,48.85036496350364,40.54744525547445
95407,Santa Rosa,Sonoma County,54.872262773722625,0.0153162812069229,0.4090909090909091,6234.0,,,,,0.0,45.07299270072993,4.014598540145985,100.0,46.53284671532847,48.75912408759123,54.872262773722625
94513,Brentwood,Contra Costa County,38.64963503649635,0.0313646368305209,0.25,4029.0,,,,,0.0,45.07299270072993,14.963503649635038,88.6861313868613,46.53284671532847,48.66788321167883,38.64963503649635
94928,Rohnert Park,Sonoma County,53.594890510948915,0.0367037233103935,0.2266666666666666,8448.0,,,,,0.0,45.07299270072993,21.16788321167883,82.11678832116789,46.53284671532847,48.57664233576642,53.594890510948915
94599,Yountville,Napa County,33.89598540145985,0.2220770738079686,,503.0,,,,,0.0,45.07299270072993,90.14598540145985,13.138686131386862,46.53284671532847,48.57664233576642,33.89598540145985
95405,Santa Rosa,Sonoma County,54.68978102189781,0.0267122555828614,0.2666666666666666,3840.0,,,,,0.0,45.07299270072993,10.583941605839415,92.33576642335767,46.53284671532847,48.48540145985401,54.68978102189781
94949,Novato,Marin County,49.67153284671534,0.0370420808933678,0.2244897959183673,2697.0,,,,,0.0,45.07299270072993,21.897810218978105,81.02189781021897,46.53284671532847,48.48540145985401,49.67153284671534
94503,American Canyon,Napa County,35.03649635036496,0.0343696027633851,0.2307692307692307,1223.0,,,,,0.0,45.07299270072993,17.88321167883212,84.12408759124088,46.53284671532847,48.25729927007299,35.03649635036496
95054,Santa Clara,Santa Clara County,61.113138686131386,0.0753226524254561,0.1212121212121212,5568.0,,,,,0.0,45.07299270072993,60.21897810218978,41.605839416058394,46.53284671532847,48.21167883211678,61.113138686131386
94602,Oakland,Alameda County,61.91605839416058,0.060608566231189,0.16,4800.0,,,,,0.0,45.07299270072993,47.44525547445255,54.1970802919708,46.53284671532847,48.16605839416058,61.91605839416058
94404,Foster City,San Mateo County,60.930656934306555,0.0506575742815392,0.1846153846153846,6856.0,,,,,0.0,45.07299270072993,36.86131386861314,64.59854014598541,46.53284671532847,48.12043795620438,60.930656934306555
94556,Moraga,Contra Costa County,42.773722627737214,0.0206531332744925,0.2807017543859649,898.0,,,,,0.0,45.07299270072993,6.569343065693431,94.52554744525547,46.53284671532847,48.029197080291965,42.773722627737214
94061,Redwood City,San Mateo County,61.87956204379562,0.0749848208864602,0.119047619047619,6238.0,,,,,0.0,45.07299270072993,59.854014598540154,40.693430656934304,46.53284671532847,47.89233576642336,61.87956204379562
94020,La Honda,San Mateo County,46.99817518248175,0.1943127962085308,,234.0,,,,,0.0,45.07299270072993,87.22627737226277,13.138686131386862,46.53284671532847,47.84671532846715,46.99817518248175
94588,Pleasanton,Alameda County,46.72445255474452,0.0251383013342011,0.2571428571428571,4330.0,,,,,0.0,45.07299270072993,9.124087591240876,91.05839416058394,46.53284671532847,47.801094890510946,46.72445255474452
94027,Atherton,San Mateo County,41.697080291970806,0.1847627737226277,,309.0,,,,,0.0,45.07299270072993,86.86131386861314,13.138686131386862,46.53284671532847,47.755474452554736,41.697080291970806
94531,Antioch,Contra Costa County,33.1021897810219,0.0253154991309604,0.2553191489361702,3689.0,,,,,0.0,45.07299270072993,9.48905109489051,90.51094890510949,46.53284671532847,47.755474452554736,33.1021897810219
94960,San Anselmo,Marin County,54.28832116788321,0.0662089259440902,0.1388888888888889,1902.0,,,,,0.0,45.07299270072993,54.01459854014598,45.62043795620438,46.53284671532847,47.66423357664233,54.28832116788321
95113,San Jose,Santa Clara County,47.70985401459854,0.1765637371338083,,1068.0,,,,,0.0,45.07299270072993,86.13138686131386,13.138686131386862,46.53284671532847,47.57299270072992,47.70985401459854
94555,Fremont,Alameda County,48.33941605839416,0.0249764776323667,0.2549019607843137,3682.0,,,,,0.0,45.07299270072993,8.75912408759124,90.14598540145985,46.53284671532847,47.481751824817515,48.33941605839416
94704,Berkeley,Alameda County,50.428832116788314,0.1692005885237861,,7205.0,,,,,0.0,45.07299270072993,85.76642335766424,13.138686131386862,46.53284671532847,47.481751824817515,50.428832116788314
95444,Graton,Sonoma County,26.66970802919708,0.1674418604651162,,12.0,,,,,0.0,45.07299270072993,85.40145985401459,13.138686131386862,46.53284671532847,47.3905109489051,26.66970802919708
95111,San Jose,Santa Clara County,49.28832116788322,0.0306623318671511,0.2352941176470588,6501.0,,,,,0.0,45.07299270072993,13.503649635036496,85.03649635036497,46.53284671532847,47.3905109489051,49.28832116788322
94806,Richmond,Contra Costa County,52.53649635036497,0.0521262002743484,0.1764705882352941,10160.0,,,,,0.0,45.07299270072993,37.591240875912405,60.76642335766424,46.53284671532847,47.3448905109489,52.53649635036497
94609,Oakland,Alameda County,61.843065693430646,0.0833724532907708,0.0909090909090909,7162.0,,,,,0.0,45.07299270072993,64.23357664233576,34.12408759124087,46.53284671532847,47.3448905109489,61.843065693430646
94501,Alameda,Alameda County,61.95255474452554,0.0799503563135559,0.0975609756097561,14634.0,,,,,0.0,45.07299270072993,62.77372262773723,35.21897810218978,46.53284671532847,47.253649635036496,61.95255474452554
94402,San Mateo,San Mateo County,56.240875912408754,0.0613521294549786,0.1481481481481481,3721.0,,,,,0.0,45.07299270072993,48.175182481751825,49.27007299270073,46.53284671532847,47.11678832116788,56.240875912408754
95472,Sebastopol,Sonoma County,43.79562043795621,0.0902424294711414,0.064516129032258,3278.0,,,,,0.0,45.07299270072993,66.05839416058394,31.386861313868614,46.53284671532847,47.11678832116788,43.79562043795621
94528,Diablo,Contra Costa County,35.92153284671533,0.1652173913043478,,0.0,,,,,0.0,45.07299270072993,84.30656934306569,13.138686131386862,46.53284671532847,47.116788321167874,35.92153284671533
94304,,Santa Clara County,60.31934306569343,0.1626535626535626,,1579.0,,,,,0.0,45.07299270072993,83.57664233576642,13.138686131386862,46.53284671532847,46.934306569343065,60.31934306569343
94024,Los Altos,Santa Clara County,48.33029197080292,0.0582727608722434,0.1555555555555555,978.0,,,,,0.0,45.07299270072993,44.16058394160584,52.55474452554745,46.53284671532847,46.934306569343065,48.33029197080292
94945,Novato,Marin County,47.42700729927007,0.0238620689655172,0.25,1951.0,,,,,0.0,45.07299270072993,7.664233576642336,88.6861313868613,46.53284671532847,46.843065693430646,47.42700729927007
94801,Richmond,Contra Costa County,51.56934306569343,0.0658700375271578,0.1272727272727272,5463.0,,,,,0.0,45.07299270072993,52.919708029197075,43.06569343065693,46.53284671532847,46.75182481751824,51.56934306569343
94305,Stanford,Santa Clara County,51.19525547445256,0.1550083939563514,,2622.0,,,,,0.0,45.07299270072993,82.84671532846716,13.138686131386862,46.53284671532847,46.75182481751824,51.19525547445256
94612,Oakland,Alameda County,53.63138686131387,0.1445588532202705,,8891.0,,,,,0.0,45.07299270072993,82.11678832116789,13.138686131386862,46.53284671532847,46.56934306569343,53.63138686131387
94605,Oakland,Alameda County,49.11496350364964,0.0584188363679497,0.1512605042016806,6625.0,,,,,0.0,45.07299270072993,44.52554744525548,50.72992700729927,46.53284671532847,46.569343065693424,49.11496350364964
94705,Berkeley,Alameda County,66.95255474452554,0.0905356837241143,0.037037037037037,2455.0,,,,,0.0,45.07299270072993,66.42335766423358,28.467153284671532,46.53284671532847,46.47810218978102,66.95255474452554
94586,Sunol,Alameda County,36.541970802919714,0.1393188854489164,,56.0,,,,,0.0,45.07299270072993,81.75182481751825,13.138686131386862,46.53284671532847,46.47810218978102,36.541970802919714
95439,Fulton,Sonoma County,42.89233576642336,0.1390977443609022,,28.0,,,,,0.0,45.07299270072993,81.38686131386861,13.138686131386862,46.53284671532847,46.38686131386861,42.89233576642336
94037,Moss Beach,San Mateo County,43.07481751824818,0.1364956437560503,,104.0,,,,,0.0,45.07299270072993,81.02189781021897,13.138686131386862,46.53284671532847,46.2956204379562,43.07481751824818
94709,Berkeley,Alameda County,53.941605839416056,0.1352021357742181,,3814.0,,,,,0.0,45.07299270072993,80.65693430656934,13.138686131386862,46.53284671532847,46.20437956204379,53.941605839416056
95037,Morgan Hill,Santa Clara County,51.35036496350365,0.034563738182694,0.2076923076923077,4683.0,,,,,0.0,45.07299270072993,18.613138686131386,75.0,46.53284671532847,46.15875912408759,51.35036496350365
95032,Los Gatos,Santa Clara County,60.45620437956205,0.0465629800307219,0.1728395061728395,3713.0,,,,,0.0,45.07299270072993,33.941605839416056,58.75912408759124,46.53284671532847,45.93065693430656,60.45620437956205
94551,Livermore,Alameda County,41.02189781021898,0.016206313416009,0.2452830188679245,4209.0,,,,,0.0,45.07299270072993,4.744525547445255,87.59124087591242,46.53284671532847,45.83941605839416,41.02189781021898
94952,Petaluma,Sonoma County,54.03284671532847,0.0598303101228788,0.1363636363636363,5548.0,,,,,0.0,45.07299270072993,47.08029197080292,45.25547445255474,46.53284671532847,45.83941605839416,54.03284671532847
95436,Forestville,Sonoma County,30.802919708029197,0.1229440789473684,,758.0,,,,,0.0,45.07299270072993,78.83211678832117,13.138686131386862,46.53284671532847,45.748175182481745,30.802919708029197
94080,South San Francisco,San Mateo County,50.191605839416056,0.0473447344734473,0.1688311688311688,8530.0,,,,,0.0,45.07299270072993,35.03649635036496,56.934306569343065,46.53284671532847,45.748175182481745,50.191605839416056
95123,San Jose,Santa Clara County,46.95255474452555,0.0317262053459905,0.2105263157894736,9531.0,,,,,0.0,45.07299270072993,15.328467153284672,76.45985401459853,46.53284671532847,45.70255474452554,46.95255474452555
94041,Mountain View,Santa Clara County,67.81934306569342,0.122158651615896,,4403.0,,,,,0.0,45.07299270072993,78.1021897810219,13.138686131386862,46.53284671532847,45.565693430656935,67.81934306569342
95124,San Jose,Santa Clara County,46.77007299270073,0.0318035426731078,0.208,4657.0,,,,,0.0,45.07299270072993,15.693430656934307,75.54744525547446,46.53284671532847,45.565693430656935,46.77007299270073
94545,Hayward,Alameda County,35.98540145985401,0.046275057345168,0.1707317073170731,2829.0,,,,,0.0,45.07299270072993,33.57664233576642,57.66423357664233,46.53284671532847,45.56569343065693,35.98540145985401
95132,San Jose,Santa Clara County,41.779197080291965,0.0309697774825639,0.2105263157894736,3173.0,,,,,0.0,45.07299270072993,13.86861313868613,76.45985401459853,46.53284671532847,45.33759124087591,41.779197080291965
94521,Concord,Contra Costa County,46.67883211678832,0.0264939083349448,0.2241379310344827,3992.0,,,,,0.0,45.07299270072993,9.854014598540147,80.1094890510949,46.53284671532847,45.246350364963504,46.67883211678832
95050,Santa Clara,Santa Clara County,61.24087591240876,0.065969481715338,0.1,9482.0,,,,,0.0,45.07299270072993,53.64963503649635,36.31386861313868,46.53284671532847,45.2463503649635,61.24087591240876
94618,Oakland,Alameda County,69.34306569343066,0.0594565509819747,0.1290322580645161,2630.0,,,,,0.0,45.07299270072993,45.98540145985402,43.97810218978102,46.53284671532847,45.2463503649635,69.34306569343066
94596,Walnut Creek,Contra Costa County,67.2080291970803,0.0415347364499906,0.1780821917808219,5899.0,,,,,0.0,45.07299270072993,27.73722627737226,62.04379562043796,46.53284671532847,45.200729927007295,67.2080291970803
94018,Half Moon Bay,San Mateo County,40.72080291970803,0.1134699853587115,,277.0,,,,,0.0,45.07299270072993,76.64233576642336,13.138686131386862,46.53284671532847,45.200729927007295,40.72080291970803
95135,San Jose,Santa Clara County,37.22627737226277,0.0328694499668654,0.2045454545454545,942.0,,,,,0.0,45.07299270072993,16.423357664233578,73.17518248175182,46.53284671532847,45.155109489051085,37.22627737226277
94903,San Rafael,Marin County,51.91605839416059,0.0401364965875853,0.1829268292682926,4331.0,,,,,0.0,45.07299270072993,25.547445255474454,63.868613138686136,46.53284671532847,45.10948905109489,51.91605839416059
94005,Brisbane,San Mateo County,49.808394160583944,0.1125131440588853,,633.0,,,,,0.0,45.07299270072993,76.27737226277372,13.138686131386862,46.53284671532847,45.10948905109488,49.808394160583944
94957,Ross,Marin County,49.0602189781022,0.1123595505617977,,131.0,,,,,0.0,45.07299270072993,75.91240875912408,13.138686131386862,46.53284671532847,45.01824817518248,49.0602189781022
94507,Alamo,Contra Costa County,39.38868613138686,0.0736968244457759,0.0416666666666666,405.0,,,,,0.0,45.07299270072993,59.12408759124088,29.1970802919708,46.53284671532847,44.83576642335766,39.38868613138686
95122,San Jose,Santa Clara County,47.44525547445255,0.0390410388745525,0.1842105263157894,5934.0,,,,,0.0,45.07299270072993,24.087591240875913,64.23357664233576,46.53284671532847,44.835766423357654,47.44525547445255
94541,Hayward,Alameda County,50.93065693430656,0.0597823612439102,0.12,11809.0,,,,,0.0,45.07299270072993,46.715328467153284,41.24087591240876,46.53284671532847,44.74452554744525,50.93065693430656
94519,Concord,Contra Costa County,45.58394160583942,0.0623671155209071,0.1081081081081081,2196.0,,,,,0.0,45.07299270072993,49.63503649635037,38.32116788321168,46.53284671532847,44.74452554744525,45.58394160583942
94578,San Leandro,Alameda County,55.87591240875912,0.0622837370242214,0.1111111111111111,8314.0,,,,,0.0,45.07299270072993,48.9051094890511,39.05109489051095,46.53284671532847,44.74452554744525,55.87591240875912
94803,Richmond,Contra Costa County,43.98722627737226,0.0472575644178338,0.1568627450980392,2737.0,,,,,0.0,45.07299270072993,34.67153284671533,52.919708029197075,46.53284671532847,44.65328467153284,43.98722627737226
95121,San Jose,Santa Clara County,33.92335766423358,0.0168905168905168,0.2258064516129032,2477.0,,,,,0.0,45.07299270072993,5.474452554744526,81.56934306569343,46.53284671532847,44.51642335766423,33.92335766423358
94973,Woodacre,Marin County,40.666058394160586,0.1036682615629984,,77.0,,,,,0.0,45.07299270072993,72.99270072992701,13.138686131386862,46.53284671532847,44.28832116788321,40.666058394160586
95136,San Jose,Santa Clara County,50.85766423357665,0.029156521196229,0.2043010752688172,6864.0,,,,,0.0,45.07299270072993,12.773722627737227,72.62773722627736,46.53284671532847,44.10583941605839,50.85766423357665
94565,Pittsburg,Contra Costa County,44.14233576642335,0.0342621742916471,0.1923076923076923,12301.0,,,,,0.0,45.07299270072993,17.51824817518248,67.33576642335767,46.53284671532847,43.96897810218978,44.14233576642335
94703,Berkeley,Alameda County,54.71715328467153,0.1026501978654514,,5127.0,,,,,0.0,45.07299270072993,71.53284671532847,13.138686131386862,46.53284671532847,43.92335766423358,54.71715328467153
94582,San Ramon,Contra Costa County,49.85401459854014,0.0224295600593178,0.2150537634408602,4880.0,,,,,0.0,45.07299270072993,7.2992700729927,77.37226277372264,46.53284671532847,43.92335766423358,49.85401459854014
94702,Berkeley,Alameda County,58.503649635036496,0.1020463112547119,,3815.0,,,,,0.0,45.07299270072993,71.16788321167883,13.138686131386862,46.53284671532847,43.83211678832116,58.503649635036496
94585,Suisun City,Solano County,49.01459854014598,0.0279532042654519,0.2040816326530612,3690.0,,,,,0.0,45.07299270072993,11.678832116788321,72.08029197080292,46.53284671532847,43.69525547445255,49.01459854014598
94805,Richmond,Contra Costa County,48.64963503649635,0.0658725861757805,0.05,1763.0,,,,,0.0,45.07299270072993,53.284671532846716,30.29197080291971,46.53284671532847,43.64963503649635,48.64963503649635
94087,Sunnyvale,Santa Clara County,68.21167883211679,0.0455894516615579,0.1486486486486486,8891.0,,,,,0.0,45.07299270072993,32.846715328467155,49.63503649635037,46.53284671532847,43.37591240875912,68.21167883211679
94901,San Rafael,Marin County,61.2043795620438,0.050381385808602,0.1296296296296296,7648.0,,,,,0.0,45.07299270072993,36.496350364963504,44.70802919708029,46.53284671532847,43.05656934306569,61.2043795620438
94561,Oakley,Contra Costa County,47.93795620437957,0.036544603728738,0.1759259259259259,3149.0,,,,,0.0,45.07299270072993,20.802919708029197,60.21897810218978,46.53284671532847,43.01094890510949,47.93795620437957
94502,Alameda,Alameda County,44.01459854014599,0.0454357703428335,0.1463414634146341,775.0,,,,,0.0,45.07299270072993,32.11678832116788,47.99270072992701,46.53284671532847,42.78284671532846,44.01459854014599
94710,Berkeley,Alameda County,58.57664233576642,0.0909090909090909,,2341.0,,,,,0.0,45.07299270072993,66.78832116788321,13.138686131386862,46.53284671532847,42.73722627737226,58.57664233576642
95401,Santa Rosa,Sonoma County,56.368613138686136,0.0372021634263996,0.1666666666666666,5855.0,,,,,0.0,45.07299270072993,22.62773722627737,56.38686131386861,46.53284671532847,42.50912408759123,56.368613138686136
94070,San Carlos,San Mateo County,67.60948905109488,0.055216306871936,0.1076923076923077,3474.0,,,,,0.0,45.07299270072993,40.87591240875913,37.95620437956204,46.53284671532847,42.46350364963503,67.60948905109488
94549,Lafayette,Contra Costa County,59.47080291970803,0.0496992407060447,0.125,2520.0,,,,,0.0,45.07299270072993,36.13138686131387,42.33576642335766,46.53284671532847,42.372262773722625,59.47080291970803
95120,San Jose,Santa Clara County,45.85766423357664,0.0325895007224273,0.1777777777777777,1378.0,,,,,0.0,45.07299270072993,16.05839416058394,61.67883211678832,46.53284671532847,42.18978102189781,45.85766423357664
95425,Cloverdale,Sonoma County,57.22627737226277,0.0272665303340149,0.1891891891891892,1342.0,,,,,0.0,45.07299270072993,11.313868613138686,66.42335766423358,46.53284671532847,42.1897810218978,57.22627737226277
94611,Piedmont,Alameda County,67.20802919708028,0.0550091681946991,0.102803738317757,7039.0,,,,,0.0,45.07299270072993,40.14598540145985,36.86131386861314,46.53284671532847,42.00729927007299,67.20802919708028
94520,Concord,Contra Costa County,56.4963503649635,0.01487826871055,0.2063492063492063,8591.0,,,,,0.0,45.07299270072993,2.9197080291970803,74.08759124087592,46.53284671532847,42.00729927007299,56.4963503649635
94708,Berkeley,Alameda County,48.330291970802925,0.0807836231565045,0.0,654.0,,,,,0.0,45.07299270072993,63.138686131386855,13.138686131386862,46.53284671532847,41.82481751824817,48.330291970802925
95133,San Jose,Santa Clara County,54.97262773722629,0.016803006853858,0.203125,3689.0,,,,,0.0,45.07299270072993,5.109489051094891,71.16788321167883,46.53284671532847,41.82481751824817,54.97262773722629
94564,Pinole,Contra Costa County,40.565693430656935,0.060878537735849,0.0357142857142857,1898.0,,,,,0.0,45.07299270072993,47.81021897810219,28.102189781021895,46.53284671532847,41.73357664233576,40.565693430656935
94517,Clayton,Contra Costa County,37.55474452554745,0.0127041742286751,0.2058823529411764,371.0,,,,,0.0,45.07299270072993,1.824817518248175,73.72262773722628,46.53284671532847,41.64233576642336,37.55474452554745
94506,Danville,Contra Costa County,42.5,0.013570730648138,0.2045454545454545,1066.0,,,,,0.0,45.07299270072993,2.18978102189781,73.17518248175182,46.53284671532847,41.59671532846715,42.5
95035,Milpitas,Santa Clara County,55.91240875912409,0.0350124606773705,0.1634615384615384,9631.0,,,,,0.0,45.07299270072993,19.708029197080293,55.1094890510949,46.53284671532847,41.459854014598534,55.91240875912409
94063,Redwood City,San Mateo County,54.31569343065693,0.0769441152338408,,7468.0,,,,,0.0,45.07299270072993,61.31386861313869,13.138686131386862,46.53284671532847,41.36861313868613,54.31569343065693
95138,,Santa Clara County,46.770072992700726,0.0214784320744585,0.1923076923076923,883.0,,,,,0.0,45.07299270072993,6.934306569343065,67.33576642335767,46.53284671532847,41.32299270072993,46.770072992700726
94954,Petaluma,Sonoma County,44.507299270073,0.0159688953690203,0.2,5021.0,,,,,0.0,45.07299270072993,4.37956204379562,69.8905109489051,46.53284671532847,41.32299270072992,44.507299270073
94533,Fairfield,Solano County,54.981751824817515,0.0374695863746958,0.1506024096385542,11063.0,,,,,0.0,45.07299270072993,22.99270072992701,50.36496350364964,46.53284671532847,41.0948905109489,54.981751824817515
95131,San Jose,Santa Clara County,56.706204379562045,0.0297313922493336,0.175438596491228,3591.0,,,,,0.0,45.07299270072993,13.138686131386862,59.67153284671532,46.53284671532847,40.958029197080286,56.706204379562045
94804,Richmond,Contra Costa County,56.93430656934307,0.0400459858210385,0.144927536231884,8212.0,,,,,0.0,45.07299270072993,24.817518248175183,47.08029197080292,46.53284671532847,40.72992700729927,56.93430656934307
94546,Castro Valley,Alameda County,53.7956204379562,0.0335283386802541,0.1594202898550724,5450.0,,,,,0.0,45.07299270072993,17.153284671532848,53.64963503649635,46.53284671532847,40.45620437956204,53.7956204379562
94706,Albany,Alameda County,68.23905109489051,0.0527938818305168,0.0666666666666666,3975.0,,,,,0.0,45.07299270072993,38.68613138686132,31.934306569343068,46.53284671532847,40.410583941605836,68.23905109489051
94946,Nicasio,Marin County,42.80109489051095,0.0716723549488054,,71.0,,,,,0.0,45.07299270072993,57.299270072992705,13.138686131386862,46.53284671532847,40.36496350364963,42.80109489051095
94065,Redwood City,San Mateo County,58.61313868613138,0.0450740502253702,0.108695652173913,1676.0,,,,,0.0,45.07299270072993,31.751824817518248,38.68613138686132,46.53284671532847,40.36496350364963,58.61313868613138
94544,Hayward,Alameda County,55.60218978102189,0.0414175548046096,0.1263157894736842,10901.0,,,,,0.0,45.07299270072993,27.00729927007299,42.700729927007295,46.53284671532847,40.18248175182481,55.60218978102189
94044,Pacifica,San Mateo County,49.67153284671533,0.0310372016342914,0.1538461538461538,4409.0,,,,,0.0,45.07299270072993,14.233576642335766,51.64233576642335,46.53284671532847,39.224452554744516,49.67153284671533
94597,Walnut Creek,Contra Costa County,68.13868613138685,0.0330184267140585,0.1475409836065573,5541.0,,,,,0.0,45.07299270072993,16.78832116788321,48.722627737226276,46.53284671532847,39.13321167883211,68.13868613138685
94951,Penngrove,Sonoma County,46.97992700729927,0.0653950953678474,,446.0,,,,,0.0,45.07299270072993,51.82481751824818,13.138686131386862,46.53284671532847,38.996350364963504,46.97992700729927
95148,San Jose,Santa Clara County,47.308394160583944,0.0247628640980441,0.1666666666666666,2419.0,,,,,0.0,45.07299270072993,8.394160583941606,56.38686131386861,46.53284671532847,38.950729927007295,47.308394160583944
94592,Vallejo,Solano County,34.24270072992701,0.0639810426540284,,47.0,,,,,0.0,45.07299270072993,50.72992700729927,13.138686131386862,46.53284671532847,38.722627737226276,34.24270072992701
94904,Kentfield,Marin County,62.518248175182485,0.0414096916299559,0.0975609756097561,2108.0,,,,,0.0,45.07299270072993,26.642335766423358,35.21897810218978,46.53284671532847,38.22080291970803,62.518248175182485
94925,Corte Madera,Marin County,66.55109489051094,0.01988565746955,0.1538461538461538,1226.0,,,,,0.0,45.07299270072993,6.204379562043796,51.64233576642335,46.53284671532847,37.217153284671525,66.55109489051094
95130,San Jose,Santa Clara County,65.70255474452554,0.0580659244706396,,1797.0,,,,,0.0,45.07299270072993,43.43065693430657,13.138686131386862,46.53284671532847,36.8978102189781,65.70255474452554
94525,Crockett,Contra Costa County,37.24452554744525,0.0569395017793594,,737.0,,,,,0.0,45.07299270072993,42.700729927007295,13.138686131386862,46.53284671532847,36.71532846715328,37.24452554744525
94707,Berkeley,Alameda County,55.95802919708029,0.0367078825347758,0.0909090909090909,737.0,,,,,0.0,45.07299270072993,21.532846715328464,34.12408759124087,46.53284671532847,36.669708029197075,55.95802919708029
94509,Antioch,Contra Costa County,50.018248175182485,0.0285763619096952,0.1287878787878787,10309.0,,,,,0.0,45.07299270072993,12.043795620437956,43.43065693430657,46.53284671532847,36.62408759124087,50.018248175182485
95046,San Martin,Santa Clara County,46.61496350364963,0.0551310043668122,,500.0,,,,,0.0,45.07299270072993,40.51094890510949,13.138686131386862,46.53284671532847,36.16788321167883,46.61496350364963
95002,San Jose,Santa Clara County,35.22810218978102,0.0536044362292051,,206.0,,,,,0.0,45.07299270072993,39.416058394160586,13.138686131386862,46.53284671532847,35.894160583941606,35.22810218978102
94530,El Cerrito,Contra Costa County,58.92335766423358,0.0531797235023041,0.0,4759.0,,,,,0.0,45.07299270072993,39.05109489051095,13.138686131386862,46.53284671532847,35.802919708029194,58.92335766423358
94598,Walnut Creek,Contra Costa County,57.84671532846715,0.0174279421622139,0.1058823529411764,2639.0,,,,,0.0,45.07299270072993,5.839416058394161,37.591240875912405,46.53284671532847,33.613138686131386,57.84671532846715
94933,Lagunitas,Marin County,44.93613138686132,0.042016806722689,,193.0,,,,,0.0,45.07299270072993,28.467153284671532,13.138686131386862,46.53284671532847,33.15693430656934,44.93613138686132
94580,San Lorenzo,Alameda County,44.82664233576643,0.0271225071225071,0.0333333333333333,2161.0,,,,,0.0,45.07299270072993,10.948905109489052,27.73722627737226,46.53284671532847,32.427007299270066,44.82664233576643
94931,Cotati,Sonoma County,62.8102189781022,0.0396510705789056,,1505.0,,,,,0.0,45.07299270072993,24.45255474452555,13.138686131386862,46.53284671532847,32.153284671532845,62.8102189781022
94579,San Leandro,Alameda County,38.759124087591246,0.0361208074062832,,1571.0,,,,,0.0,45.07299270072993,20.072992700729927,13.138686131386862,46.53284671532847,31.05839416058394,38.759124087591246
94038,Moss Beach,San Mateo County,41.94343065693431,0.0349586016559337,,71.0,,,,,0.0,45.07299270072993,19.34306569343066,13.138686131386862,46.53284671532847,30.875912408759124,41.94343065693431
94572,Rodeo,Contra Costa County,54.06934306569343,0.0265922521339461,,1298.0,,,,,0.0,45.07299270072993,10.218978102189782,13.138686131386862,46.53284671532847,28.594890510948904,54.06934306569343
94514,Byron,Contra Costa County,43.40328467153285,0.0244328097731239,,194.0,,,,,0.0,45.07299270072993,8.02919708029197,13.138686131386862,46.53284671532847,28.04744525547445,43.40328467153285
95119,San Jose,Santa Clara County,47.153284671532845,0.0152403282532239,,906.0,,,,,0.0,45.07299270072993,3.64963503649635,13.138686131386862,46.53284671532847,26.952554744525546,47.153284671532845
94552,Castro Valley,Alameda County,41.177007299270066,0.0150210294412177,,376.0,,,,,0.0,45.07299270072993,3.2846715328467155,13.138686131386862,46.53284671532847,26.861313868613138,41.177007299270066
95139,San Jose,Santa Clara County,47.308394160583944,0.0141110065851364,,519.0,,,,,0.0,45.07299270072993,2.5547445255474455,13.138686131386862,46.53284671532847,26.67883211678832,47.308394160583944
95433,Sonoma,Sonoma County,47.46350364963504,,,,,,,,0.0,45.07299270072993,0.7299270072992701,13.138686131386862,46.53284671532847,26.222627737226276,47.46350364963504
94963,Lagunitas,Marin County,44.58029197080292,0.0,,16.0,,,,,0.0,45.07299270072993,0.7299270072992701,13.138686131386862,46.53284671532847,26.222627737226276,44.58029197080292
94569,Port Costa,Contra Costa County,55.766423357664245,0.0,,121.0,,,,,0.0,45.07299270072993,0.7299270072992701,13.138686131386862,46.53284671532847,26.222627737226276,55.766423357664245
