rank,zip_code,City,CountyName,investment_score,renter_pct,vacancy_rate,multifamily_share,median_contract_rent,median_household_income,rent_to_income_ratio,rent_burden_rate,price_latest,price_chg_1yr_pct,price_chg_3yr_pct,price_cut_rate,inv_chg_6m_pct,rent_control
1,94117,San Francisco,San Francisco County,82.62773722627738,0.7374425336284692,0.1222543844713093,0.6798664846002124,2616.0,190444.0,0.1648358572598769,0.1025937043023166,1589530.570367771,8.128368489793726,6.255977620403974,0.0,-31.57894736842105,Strong (pre-1979)
2,94129,San Francisco,San Francisco County,79.13321167883213,1.0,0.0465815176558978,0.4278535534816942,3501.0,236445.0,0.177681913341369,0.1848234410217881,1590885.2302449662,11.243781228090377,-14.042881013257357,,,Strong (pre-1979)
3,94123,San Francisco,San Francisco County,77.28102189781023,0.7153628652214892,0.1661168708765315,0.6633663366336634,3040.0,211854.0,0.1721940581721374,0.0960693895476504,2351631.7687361683,9.85658508863545,10.060890606652006,0.0277777777777777,19.999999999999996,Strong (pre-1979)
4,94115,San Francisco,San Francisco County,76.98905109489051,0.7442193941566589,0.1649638525422716,0.5837521797107396,2310.0,149927.0,0.1848899797901645,0.1320648683365446,1460368.5188586991,7.898824952370287,5.915385528078421,0.06,-10.71428571428571,Strong (pre-1979)
5,94118,San Francisco,San Francisco County,76.13138686131387,0.6417216203485634,0.115049458313707,0.500105607772732,2440.0,157143.0,0.1863271033389969,0.152766308835673,2097676.826511113,7.569394653793915,3.8045249940550585,0.0588235294117647,-17.07317073170732,Strong (pre-1979)
6,94110,San Francisco,San Francisco County,75.32846715328468,0.592799412196914,0.1232549595885378,0.4857563368765331,2252.0,152115.0,0.1776550636031949,0.1590233019335647,1349590.8425150728,6.911911381457347,4.517125978512726,0.0833333333333333,-16.000000000000004,Strong (pre-1979)
7,94114,San Francisco,San Francisco County,75.07299270072993,0.5496282308509383,0.0929422872654313,0.5143890718643702,2522.0,184671.0,0.1638806309599233,0.1660940519647842,1911560.9726896803,10.92828155348393,10.22121947193173,0.0898876404494382,28.985507246376805,Strong (pre-1979)
8,94131,San Francisco,San Francisco County,73.7956204379562,0.4448184659773984,0.1014666987256552,0.3411918795022921,2742.0,196571.0,0.1673898998326304,0.1185585585585585,1675511.8294751726,9.245261832096752,9.016596066433745,0.16,-35.064935064935064,Strong (pre-1979)
9,94121,San Francisco,San Francisco County,73.22080291970804,0.5635756056808688,0.0919521024784182,0.4280832398245435,2057.0,132519.0,0.1862676295474611,0.1713608064037948,1738109.48948905,6.80514402688035,8.247053494767108,0.0285714285714285,2.941176470588225,Strong (pre-1979)
10,94122,San Francisco,San Francisco County,70.87591240875912,0.5010258697591436,0.0718108831400535,0.3148148148148148,2555.0,141760.0,0.2162810383747178,0.1792931540995281,1634385.5314262602,5.594324970939812,8.318086381256439,0.0,-19.565217391304344,Strong (pre-1979)
11,94010,Hillsborough,San Mateo County,70.16423357664236,0.3808960796515245,0.0863098942128189,0.285386950793378,2460.0,186198.0,0.1585409080656075,0.1699068779611174,3465868.7884344608,5.911229446679522,12.119836269809436,0.1147540983606557,-16.43835616438356,None / Costa-Hawkins only
12,94618,Oakland,Alameda County,69.34306569343066,0.3537799300511164,0.0594565509819747,0.2221940071102082,2539.0,202297.0,0.1506102413777762,0.1068441064638783,1631257.189658244,-0.409255090501337,-8.157422477683763,0.1290322580645161,-38.0,Strong (pre-1983)
13,94086,Sunnyvale,Santa Clara County,68.48540145985402,0.6980316134804653,0.049458196639825,0.3983801449344006,2713.0,171265.0,0.1900913788573263,0.140639464501887,1959743.1946456935,-0.9405816980789572,14.364222890041066,0.2,102.70270270270272,None / Costa-Hawkins only
14,94706,Albany,Alameda County,68.23905109489051,0.4903170099913654,0.0527938818305168,0.3135325131810193,2214.0,125410.0,0.2118491348377322,0.2231446540880503,1271479.3010557566,0.6648406310823196,4.218221983894299,0.0666666666666666,-11.764705882352944,None / Costa-Hawkins only
15,94087,Sunnyvale,Santa Clara County,68.21167883211679,0.4325889164598842,0.0455894516615579,0.2397394136807817,2907.0,196611.0,0.1774264919053359,0.159262175233382,2898234.5551654864,1.014292588017418,22.298227365646504,0.1486486486486486,72.09302325581395,None / Costa-Hawkins only
16,94597,Walnut Creek,Contra Costa County,68.13868613138685,0.5182864091291741,0.0330184267140585,0.258783049619703,2426.0,135960.0,0.2141218005295675,0.2095289658906334,1001598.1603772218,-1.490928247236778,3.3144616572240215,0.1475409836065573,-19.736842105263154,None / Costa-Hawkins only
17,94041,Mountain View,Santa Clara County,67.81934306569342,0.6808411937528993,0.122158651615896,0.3880391346286344,2647.0,169479.0,0.1874214504451879,0.1875993640699523,2278177.9050852885,3.6091537132224127,13.860167915685317,,,Moderate
18,94070,San Carlos,San Mateo County,67.60948905109488,0.2987873054098219,0.055216306871936,0.237020132040101,2660.0,220323.0,0.1448782015495431,0.1917098445595854,2474297.5450976123,3.0826886268917386,15.159845816526985,0.1076923076923077,-19.753086419753085,None / Costa-Hawkins only
19,94596,Walnut Creek,Contra Costa County,67.2080291970803,0.5493574222387781,0.0415347364499906,0.2784334763948498,2334.0,135422.0,0.2068201621597672,0.1796914731310391,1103526.6336000788,-0.445920270000022,3.6892566984347397,0.1780821917808219,-1.3513513513513487,None / Costa-Hawkins only
20,94611,Piedmont,Alameda County,67.20802919708028,0.3911207423459465,0.0550091681946991,0.2674461473639858,2037.0,163837.0,0.1491970678174038,0.2142349765591703,1405057.83940091,-2.4479933655904063,-8.730652629648795,0.102803738317757,-15.07936507936508,None / Costa-Hawkins only
21,94133,San Francisco,San Francisco County,67.18978102189782,0.8245114633020465,0.1964917679643022,0.6390174897119342,1479.0,77652.0,0.2285581826611034,0.2104133619483064,1370623.5052949584,8.413048568326808,5.536803103070764,0.1176470588235294,-8.108108108108103,Strong (pre-1979)
22,94111,San Francisco,San Francisco County,67.04379562043795,0.7865903515944399,0.1672117743254292,0.1509632224168126,2441.0,164107.0,0.1784933001029816,0.1294178794178794,1088104.8894306663,2.8649577505599044,2.4277593329329994,,-37.5,Strong (pre-1979)
23,94705,Berkeley,Alameda County,66.95255474452554,0.420160876262194,0.0905356837241143,0.3005335844318895,2138.0,157221.0,0.1631843074398458,0.170264765784114,2007477.9517540336,-0.2986044611749561,-2.187636466256715,0.037037037037037,35.00000000000001,Strong (pre-1980)
24,94925,Corte Madera,Marin County,66.55109489051094,0.3047477007208551,0.01988565746955,0.172312941749939,3182.0,210560.0,0.1813449848024316,0.1288743882544861,1860608.3803057931,4.71619191548982,9.388997122145426,0.1538461538461538,4.0000000000000036,None / Costa-Hawkins only
25,94301,Palo Alto,Santa Clara County,66.55109489051094,0.4489481065918653,0.155680224403927,0.2438106796116504,2723.0,217611.0,0.1501578504763086,0.1674476726023117,4362311.094087103,4.1962896511339665,12.43158152682311,0.1463414634146341,2.499999999999991,None / Costa-Hawkins only
26,94109,San Francisco,San Francisco County,66.0036496350365,0.835777216437681,0.2012814983673218,0.617986460149759,2096.0,108691.0,0.231408304275423,0.2023515535734031,1022825.9089339498,3.469005097614364,-0.7315346235826525,0.1217391304347826,-7.258064516129037,Strong (pre-1979)
27,94306,Palo Alto,Santa Clara County,65.7846715328467,0.4487968662562954,0.1076291736616302,0.296985517009094,2818.0,199800.0,0.1692492492492492,0.2107231920199501,3450948.85921043,2.3446952191709336,18.05162231286026,0.0666666666666666,32.35294117647059,None / Costa-Hawkins only
28,94025,Menlo Park,San Mateo County,65.74817518248176,0.3989825074918113,0.1309498919785351,0.2367512940596499,2808.0,207656.0,0.1622683669145124,0.1685589519650655,2902646.8285920895,5.224448236913215,14.55639439287899,0.0985915492957746,-2.73972602739726,None / Costa-Hawkins only
29,95130,San Jose,Santa Clara County,65.70255474452554,0.3922724296005239,0.0580659244706396,0.2589230451825872,2088.0,169199.0,0.1480859815956359,0.2003338898163606,2207725.849912385,0.8389168822548587,26.92395418691509,,,"Moderate (pre-1979, 2+ units)"
30,94610,Oakland,Alameda County,65.56569343065695,0.636105143434854,0.1072917983065841,0.5894772882903446,2082.0,128304.0,0.1947250280583614,0.1901261547630873,1206898.3674124386,-3.090176090834973,-12.126044688527472,0.140625,-9.859154929577462,Strong (pre-1983)
31,94040,Mountain View,Santa Clara County,64.96350364963503,0.6250663834306956,0.1034917684545937,0.3694279011008843,2771.0,175147.0,0.1898519529309665,0.2122982158028887,2914658.4709702465,2.998279638021839,20.502409814855426,0.175438596491228,89.99999999999999,Moderate
32,94108,San Francisco,San Francisco County,64.47992700729927,0.8989665278420484,0.2289063705074811,0.6789255679678674,1410.0,68768.0,0.2460446719404374,0.1854838709677419,1007904.1826956188,5.21107798700946,-1.6584602803910276,0.0434782608695652,43.75,Strong (pre-1979)
33,95129,San Jose,Santa Clara County,64.34306569343066,0.4097952800682399,0.0673869775376741,0.2722429408630794,2625.0,178818.0,0.1761567627420058,0.1741543798785776,2721587.6711329515,1.5284165396100446,27.140792342518694,0.1632653061224489,44.11764705882353,"Moderate (pre-1979, 2+ units)"
34,94002,Belmont,San Mateo County,63.57664233576643,0.433572876358946,0.0667956513727658,0.2857759737455739,2701.0,184929.0,0.175267264734033,0.2299192520186995,2364910.8397170436,2.337159190560012,14.65357622620036,0.1636363636363636,71.875,None / Costa-Hawkins only
35,94043,Mountain View,Santa Clara County,63.394160583941606,0.5550901338918394,0.1033734759518288,0.3470273201816826,2674.0,174416.0,0.1839739473442803,0.1305753941517315,1599616.0086669724,-2.8937810727990176,5.658189995080565,0.1764705882352941,18.055555555555557,Moderate
36,94104,San Francisco,San Francisco County,63.18430656934307,0.7634408602150538,0.1111111111111111,0.267741935483871,737.0,47386.0,0.1866374034524965,0.1549295774647887,1111931.8827545955,-2.899325208334691,-5.000146732698763,,,Strong (pre-1979)
37,94102,San Francisco,San Francisco County,63.05656934306569,0.9117755241448164,0.1802847984866796,0.4101148606535482,1465.0,62388.0,0.2817849586458934,0.1812471184877823,733210.2516761351,1.0123390705800484,-4.165627108211256,0.1,-11.764705882352944,Strong (pre-1979)
38,95051,Santa Clara,Santa Clara County,62.82846715328467,0.537754970028893,0.0729225063607745,0.2420819935691318,2855.0,177365.0,0.1931609956868604,0.1387329591018444,1932904.8245317556,-1.048542090901472,22.346997041096262,0.1709401709401709,101.72413793103448,None / Costa-Hawkins only
39,94931,Cotati,Sonoma County,62.8102189781022,0.3978324081416864,0.0396510705789056,0.201627256547165,1644.0,98475.0,0.2003351104341203,0.1348837209302325,724951.2392647807,-2.265647066234433,0.48615583642201976,,-26.086956521739136,None / Costa-Hawkins only
40,94939,Larkspur,Marin County,62.6551094890511,0.5193418013856813,0.095554272517321,0.355467720685112,2780.0,156250.0,0.213504,0.244580322401334,2201589.0473871366,3.5225113068762637,4.275305437727961,0.1428571428571428,,None / Costa-Hawkins only
41,94904,Kentfield,Marin County,62.518248175182485,0.3714537444933921,0.0414096916299559,0.2888324873096446,2383.0,158338.0,0.1806009928128434,0.3439278937381404,2276411.122079989,1.3433682537374425,4.721959706737877,0.0975609756097561,36.66666666666667,None / Costa-Hawkins only
42,94107,San Francisco,San Francisco County,62.22627737226277,0.6416737607229389,0.2116429834326501,0.2637950602604983,3095.0,176788.0,0.2100821322714211,0.1505255638330442,1002906.7161619734,2.800436967478759,-1.610188950317637,0.1538461538461538,15.189873417721511,Strong (pre-1979)
43,94501,Alameda,Alameda County,61.95255474452554,0.5858755705020418,0.0799503563135559,0.3430213160333642,2151.0,116596.0,0.2213798071975025,0.2250239169058357,1151435.9181915915,-2.8316208597471526,-1.923772306633298,0.0975609756097561,-19.6078431372549,None / Costa-Hawkins only
44,94602,Oakland,Alameda County,61.91605839416058,0.3968910203406648,0.060608566231189,0.2518125828330864,1700.0,126412.0,0.1613770844540075,0.2445833333333333,999149.7758129272,-3.2178114972882477,-9.652056121307274,0.16,-24.242424242424242,Strong (pre-1983)
45,94061,Redwood City,San Mateo County,61.87956204379562,0.4734365513054037,0.0749848208864602,0.2564247387743575,2479.0,139810.0,0.2127744796509548,0.2739660147483168,1991109.6875650976,1.8861107282247103,12.264344591995302,0.119047619047619,-35.38461538461538,None / Costa-Hawkins only
46,94609,Oakland,Alameda County,61.843065693430646,0.6724251244014646,0.0833724532907708,0.4510789496490164,2050.0,107242.0,0.2293877398780328,0.2171181234292097,956499.9920993582,-6.644461790687295,-16.08836618175198,0.0909090909090909,-42.10526315789473,Strong (pre-1983)
47,95050,Santa Clara,Santa Clara County,61.24087591240876,0.6236516706129965,0.065969481715338,0.3989017091380268,2312.0,119356.0,0.2324474680786889,0.2667158827251634,1660321.978340268,-0.2864298133872345,20.144004121118208,0.1,6.382978723404253,None / Costa-Hawkins only
48,94941,Mill Valley,Marin County,61.222627737226276,0.3259606070390701,0.0996125282531482,0.1528409925121127,2702.0,206580.0,0.1569561428986349,0.1946508172362555,2139388.198394136,4.18044295494544,7.027437899050537,0.1052631578947368,-18.279569892473113,None / Costa-Hawkins only
49,94085,Sunnyvale,Santa Clara County,61.213503649635044,0.6067917783735478,0.0630026809651474,0.3974358974358974,2921.0,168250.0,0.2083328380386329,0.149300441826215,1583347.5168160584,-0.5897545292969153,15.211281068536309,0.2258064516129032,100.0,None / Costa-Hawkins only
50,94901,San Rafael,Marin County,61.2043795620438,0.4902249855778475,0.050381385808602,0.2966986025508025,2059.0,113294.0,0.2180874538810528,0.2557531380753138,1427459.7215813256,-0.5595347555269137,2.820208788619949,0.1296296296296296,6.930693069306937,None / Costa-Hawkins only
51,95054,Santa Clara,Santa Clara County,61.113138686131386,0.6194926568758344,0.0753226524254561,0.2170719089498189,3124.0,194316.0,0.1929228679058852,0.1449353448275862,1538748.8073952785,-4.199735669418603,13.82849268591353,0.1212121212121212,64.99999999999999,None / Costa-Hawkins only
52,94105,San Francisco,San Francisco County,61.058394160583944,0.6081932773109243,0.2246586134453781,0.0919909938887102,3352.0,250001.0,0.1608953564185743,0.072754749568221,1079017.706127545,1.6316354517021292,2.8084383125752233,0.1590909090909091,14.28571428571428,Strong (pre-1979)
53,94404,Foster City,San Mateo County,60.930656934306555,0.4770718808711989,0.0506575742815392,0.3016756076561361,3482.0,182699.0,0.2287040432624152,0.1801341890315052,1763096.8239800497,-0.8086328305115686,6.846811546161491,0.1846153846153846,-13.33333333333333,None / Costa-Hawkins only
54,95032,Los Gatos,Santa Clara County,60.45620437956205,0.3564708141321044,0.0465629800307219,0.1802586918631318,2840.0,185822.0,0.1834013195423577,0.1718287099380555,2648628.6095591527,1.274478920415545,19.879121446874628,0.1728395061728395,26.5625,None / Costa-Hawkins only
55,94304,,Santa Clara County,60.31934306569343,0.7759213759213759,0.1626535626535626,0.3351648351648351,3254.0,159637.0,0.2446049474745829,0.1811272957568081,3310285.742276455,2.7161564825119777,22.5356794240837,,,None / Costa-Hawkins only
56,94124,San Francisco,San Francisco County,59.607664233576635,0.4956560680698612,0.0695924764890282,0.2337129459052085,1150.0,76341.0,0.180767870475891,0.2645464401879291,917214.78967372,0.4138416458126182,-0.6591445583592814,0.2,-16.666666666666664,Strong (pre-1979)
57,94549,Lafayette,Contra Costa County,59.47080291970803,0.2484962035302238,0.0496992407060447,0.1254109910756223,2758.0,221148.0,0.1496554343697433,0.1428571428571428,1962151.9881459747,-0.40510150526170685,1.2508866045922051,0.125,-13.253012048192769,None / Costa-Hawkins only
58,95014,Cupertino,Santa Clara County,59.43430656934307,0.4088899232022341,0.0595764486851291,0.167757522512629,3448.0,222878.0,0.185644164071824,0.155264655663062,3182391.867584387,1.750901301658181,24.572712045878852,0.1785714285714285,47.36842105263157,None / Costa-Hawkins only
59,94134,San Francisco,San Francisco County,59.36131386861315,0.3597497393117831,0.0526991256918264,0.139591587930509,1578.0,104247.0,0.1816455149788483,0.2245261984392419,1071723.3857592186,1.6563834112383935,1.9302280678232808,0.0816326530612244,19.512195121951216,Strong (pre-1979)
60,94158,San Francisco,San Francisco County,59.24270072992701,0.6216396356365252,0.1033103754721173,0.0416834474426097,2598.0,180208.0,0.1730000887862914,0.1890636168691923,1298030.8435584782,5.400810889066743,4.914905163937133,,,Strong (pre-1979)
61,94530,El Cerrito,Contra Costa County,58.92335766423358,0.4386175115207373,0.0531797235023041,0.219305154458738,2227.0,119761.0,0.2231444293217324,0.2798907333473419,1141717.983271523,-2.412877420149606,-2.2423499317900886,0.0,-41.509433962264154,None / Costa-Hawkins only
62,94014,Daly City,San Mateo County,58.75912408759124,0.4124446981589839,0.0887683744826602,0.2228994625770088,1865.0,111795.0,0.20018784382128,0.2230103806228373,1011110.0153145256,-1.485639450248688,-1.581287687750954,0.1290322580645161,-22.499999999999996,None / Costa-Hawkins only
63,94103,San Francisco,San Francisco County,58.7043795620438,0.7951424287856071,0.2076761619190404,0.4155328235177277,1883.0,111028.0,0.2035162301401448,0.1917188324911381,802666.1182720243,-0.17604662193930753,-7.9271849427109515,0.2222222222222222,9.090909090909083,Strong (pre-1979)
64,94065,Redwood City,San Mateo County,58.61313868613138,0.3597338484653359,0.0450740502253702,0.266173752310536,3501.0,201125.0,0.2088850217526414,0.2130071599045346,1852543.420755322,-1.4642772913549762,3.948742022633489,0.108695652173913,24.32432432432432,None / Costa-Hawkins only
65,94710,Berkeley,Alameda County,58.57664233576642,0.6508201278843481,0.0909090909090909,0.3065749235474006,2235.0,116313.0,0.2305847153800521,0.2076035882101665,1003006.5147126904,-2.6190678312757565,-4.6920925300873435,,-19.999999999999996,Strong (pre-1980)
66,94702,Berkeley,Alameda County,58.503649635036496,0.5135971997845988,0.1020463112547119,0.2968482775470315,1586.0,98873.0,0.1924893550312016,0.2993446920052424,1182679.392841708,-1.113366376971403,-3.617570083584065,,-44.44444444444444,Strong (pre-1980)
67,94598,Walnut Creek,Contra Costa County,57.84671532846715,0.2527051613521018,0.0174279421622139,0.1015529411764705,2774.0,185995.0,0.1789725530256189,0.1360363774156877,1421400.844284336,-1.4045658557899965,4.804249324382859,0.1058823529411764,14.864864864864868,None / Costa-Hawkins only
68,95425,Cloverdale,Sonoma County,57.22627737226277,0.3049306975687343,0.0272665303340149,0.1026321610263216,1191.0,103125.0,0.1385890909090909,0.1773472429210134,641287.3667315661,-2.3284455150299865,0.20990993227707477,0.1891891891891892,-9.756097560975608,None / Costa-Hawkins only
69,94804,Richmond,Contra Costa County,56.93430656934307,0.524493836622597,0.0400459858210385,0.2391918447555883,1498.0,79659.0,0.2256618837796105,0.2815392109108621,577529.9909785683,-5.633285512317143,-7.527950379717662,0.144927536231884,-13.749999999999996,Moderate
70,95620,Dixon,Solano County,56.91605839416058,0.3845540342948292,0.0430679250299082,0.2030075187969924,1413.0,94042.0,0.1803024180685225,0.1399930867611476,609646.5773163362,-1.689513148318278,2.4718517545097463,0.3333333333333333,2.127659574468077,None / Costa-Hawkins only
71,95131,San Jose,Santa Clara County,56.706204379562045,0.3681566536805413,0.0297313922493336,0.1879729191557148,2804.0,164227.0,0.2048871379249453,0.1590086326928432,1375243.817337759,-4.538426310573085,10.757901722793717,0.175438596491228,16.326530612244895,"Moderate (pre-1979, 2+ units)"
72,94520,Concord,Contra Costa County,56.4963503649635,0.645551547941088,0.01487826871055,0.3297793573226714,1870.0,77927.0,0.2879618104123089,0.2813409381911302,609862.0507077345,-4.121309108612681,-0.9784917181297703,0.2063492063492063,-11.267605633802813,None / Costa-Hawkins only
73,95401,Santa Rosa,Sonoma County,56.368613138686136,0.4279345124981727,0.0372021634263996,0.2088647734479599,1710.0,88439.0,0.2320243331561867,0.2582408198121264,655806.308601394,-2.7436411810913497,-1.0386763275787136,0.1666666666666666,-30.000000000000004,None / Costa-Hawkins only
74,94402,San Mateo,San Mateo County,56.240875912408754,0.3694033555048148,0.0613521294549786,0.17089140398466,3130.0,184453.0,0.2036291087702558,0.2442891695780704,2478818.9825211526,3.8422980548358243,16.512020715536615,0.1481481481481481,-1.8181818181818188,None / Costa-Hawkins only
75,94707,Berkeley,Alameda County,55.95802919708029,0.142387944358578,0.0367078825347758,0.0546030562802832,1997.0,186579.0,0.1284388918367018,0.2523744911804613,1786395.6255835711,2.4321852747797745,7.5000613854498965,0.0909090909090909,-33.333333333333336,Strong (pre-1980)
76,95035,Milpitas,Santa Clara County,55.91240875912409,0.3934714221514074,0.0350124606773705,0.1276545354069629,2814.0,166931.0,0.2022871725443446,0.1664416986813415,1487703.7493013267,-2.967780172535117,15.349711983184577,0.1634615384615384,46.47887323943662,None / Costa-Hawkins only
77,94578,San Leandro,Alameda County,55.87591240875912,0.5993367935409458,0.0622837370242214,0.2507464712269272,1841.0,87120.0,0.2535812672176308,0.2936011546788549,789506.2897272162,-3.21881213932127,-0.15315491575090823,0.1111111111111111,-51.78571428571428,None / Costa-Hawkins only
78,94569,Port Costa,Contra Costa County,55.766423357664245,0.7076023391812866,0.0,0.0,-666666666.0,-666666666.0,12.0,0.0,658292.1412806599,-2.2519968939515134,-4.742335171682555,,,None / Costa-Hawkins only
79,94938,Bolinas,Marin County,55.68430656934307,0.3421052631578947,0.3201754385964912,0.1196013289036544,-666666666.0,111800.0,-71556.35055456172,0.0,1071949.7958308572,2.393263856810446,7.446618543415107,,,None / Costa-Hawkins only
80,95008,Campbell,Santa Clara County,55.65693430656934,0.4983434130949251,0.0696818301341046,0.2885939036381514,2455.0,139688.0,0.2108985739648359,0.2095821021528071,1945256.9266044032,1.5055210835615007,24.307094956155815,0.2769230769230769,18.181818181818187,None / Costa-Hawkins only
81,94019,Half Moon Bay,San Mateo County,55.63868613138686,0.2404470079307858,0.0913842826243691,0.1101568951279934,2026.0,149655.0,0.1624536433797734,0.1304347826086956,1587616.620943633,1.8641330961973956,9.703489741579553,0.1136363636363636,-15.384615384615385,None / Costa-Hawkins only
82,94606,Oakland,Alameda County,55.61131386861314,0.8049324496558756,0.1073795564618914,0.5705242562007251,1583.0,71442.0,0.2658940119257579,0.2533449449766448,612658.6397793625,-7.442586629229542,-15.790684384615428,0.119047619047619,-22.22222222222222,Strong (pre-1983)
83,94544,Hayward,Alameda County,55.60218978102189,0.4722727666580019,0.0414175548046096,0.2372493551876196,2116.0,103039.0,0.2464309630334145,0.2305293092376846,839519.6093694833,-6.806013554610657,-0.4339972839626838,0.1263157894736842,-8.653846153846157,Limited
84,94533,Fairfield,Solano County,54.981751824817515,0.4486212489862125,0.0374695863746958,0.2191604127579737,1666.0,84907.0,0.2354576183353551,0.2662930489017445,538303.3482887776,-2.8061451295390505,1.2179095292871978,0.1506024096385542,-1.7751479289940808,None / Costa-Hawkins only
85,95133,San Jose,Santa Clara County,54.97262773722629,0.4078045544992262,0.016803006853858,0.2205914329202,2117.0,126080.0,0.201491116751269,0.2024939007861209,1164669.9020564586,-4.921871690635471,6.9580681883308015,0.203125,100.0,"Moderate (pre-1979, 2+ units)"
86,95407,Santa Rosa,Sonoma County,54.872262773722625,0.4774084852197886,0.0153162812069229,0.2262030472167747,1642.0,81484.0,0.2418143439202788,0.2723772858517805,635493.5314355544,-2.129166130362037,0.5844354287031894,0.4090909090909091,-50.0,None / Costa-Hawkins only
87,94703,Berkeley,Alameda County,54.71715328467153,0.6148219210936563,0.1026501978654514,0.4176182707993475,2001.0,99901.0,0.2403579543748311,0.2757948117807685,1294407.971029347,-1.8906278159962042,-1.956300875786765,,-18.181818181818176,Strong (pre-1980)
88,95405,Santa Rosa,Sonoma County,54.68978102189781,0.4103002457527513,0.0267122555828614,0.1893016963263607,2075.0,111358.0,0.2236031537922735,0.1817708333333333,742246.1264583337,0.24297506785864176,1.9906312532468107,0.2666666666666666,22.44897959183674,None / Costa-Hawkins only
89,95134,San Jose,Santa Clara County,54.543795620437955,0.869916921731526,0.0838070252149832,0.1076519634211942,3096.0,182920.0,0.2031051825934834,0.1002764513696908,1097587.468343004,-5.242548407632263,6.958070096248115,,16.666666666666675,"Moderate (pre-1979, 2+ units)"
90,94403,San Mateo,San Mateo County,54.525547445255484,0.4722489766433903,0.0809053696123284,0.2725551347738917,3077.0,171213.0,0.2156611939513938,0.2277884002549394,1835098.0488647532,1.546486949916881,11.484541526684122,0.2028985507246377,7.8125,None / Costa-Hawkins only
91,94920,Tiburon,Marin County,54.41605839416058,0.3036547433903577,0.0851477449455676,0.217484772482981,3493.0,216096.0,0.193969346956908,0.1696542893725992,3336032.252898198,4.678010963773738,5.011272226771157,0.1951219512195122,-19.6078431372549,None / Costa-Hawkins only
92,94063,Redwood City,San Mateo County,54.31569343065693,0.6808277874008569,0.0769441152338408,0.2664860746635063,2532.0,107734.0,0.2820279577477862,0.2645956079271558,1296910.9080303758,-1.03396896208231,5.854373057531848,,-22.72727272727273,None / Costa-Hawkins only
93,94960,San Anselmo,Marin County,54.28832116788321,0.3109367336929867,0.0662089259440902,0.1315547378104875,2371.0,172675.0,0.1647719704647459,0.307570977917981,1700113.635345047,3.3432434031526848,6.291416177536546,0.1388888888888889,-9.999999999999998,None / Costa-Hawkins only
94,95125,San Jose,Santa Clara County,54.23357664233577,0.4097162510748065,0.0522594821820961,0.1974305429453423,2249.0,140092.0,0.1926448333951974,0.2328319925381835,1916050.5597801737,0.26874030610499755,17.31639166785184,0.2076923076923077,46.06741573033708,"Moderate (pre-1979, 2+ units)"
95,94572,Rodeo,Contra Costa County,54.06934306569343,0.4261326329612607,0.0265922521339461,0.1365526063319475,1687.0,92250.0,0.2194471544715447,0.2295839753466872,651296.8610303247,-7.026830567526343,-6.084326297357034,,-65.0,None / Costa-Hawkins only
96,94952,Petaluma,Sonoma County,54.03284671532847,0.4057928613224107,0.0598303101228788,0.1150448585231194,1999.0,110739.0,0.216617451846233,0.2043979812545061,1075323.9502677824,-0.12535908350432834,2.88401344675826,0.1363636363636363,-2.2222222222222254,None / Costa-Hawkins only
97,94709,Berkeley,Alameda County,53.941605839416056,0.7273073989321129,0.1352021357742181,0.6845288090038636,1881.0,84965.0,0.2656623315482846,0.2852648138437336,1330376.3488128304,3.1294250361598275,1.4009006204609653,,87.5,Strong (pre-1980)
98,94112,San Francisco,San Francisco County,53.88686131386861,0.3209988747511469,0.0558296546351597,0.0994015412362682,1975.0,120731.0,0.1963041803679253,0.2305514358905217,1138143.9622546493,2.8795346344955064,0.05288335256039556,0.0389610389610389,8.450704225352123,Strong (pre-1979)
99,94546,Castro Valley,Alameda County,53.7956204379562,0.342831980876895,0.0335283386802541,0.1976262933657943,2201.0,117808.0,0.2241953008284666,0.233394495412844,1039786.3865819966,-2.4255798738161194,5.7716942866496534,0.1594202898550724,-10.389610389610393,None / Costa-Hawkins only
100,94612,Oakland,Alameda County,53.63138686131387,0.897536846355744,0.1445588532202705,0.3767860292820603,1678.0,76953.0,0.2616662118435928,0.1896299628838151,540378.0968002648,-13.201403006237111,-23.68351294182106,,-32.14285714285714,Strong (pre-1983)
101,95112,San Jose,Santa Clara County,53.61313868613139,0.7145419360928872,0.0742908387218577,0.3143974342076359,1898.0,85080.0,0.2677009873060649,0.2898474139639342,1024493.138026447,-3.4212785247896726,4.701341699922801,0.1428571428571428,-5.61797752808989,"Moderate (pre-1979, 2+ units)"
102,94928,Rohnert Park,Sonoma County,53.594890510948915,0.4969119463560967,0.0367037233103935,0.239886524822695,1982.0,93282.0,0.2549688042709204,0.2827888257575757,715625.6044554076,-1.0331504551387982,3.6388942780527955,0.2266666666666666,-27.184466019417474,None / Costa-Hawkins only
103,94965,Sausalito,Marin County,52.7919708029197,0.4643855897351538,0.0718868234907057,0.281767955801105,2675.0,136098.0,0.2358594542168143,0.1657810839532412,1546147.3905380368,-0.8104897801903155,-5.407532670406634,0.3225806451612903,-8.823529411764708,None / Costa-Hawkins only
104,94806,Richmond,Contra Costa County,52.53649635036497,0.4977464236723496,0.0521262002743484,0.2330508474576271,1850.0,82274.0,0.2698300799766633,0.2456692913385826,579789.6517006414,-4.809752716943128,-5.157881553935583,0.1764705882352941,-40.869565217391305,Moderate
105,94929,,Marin County,52.52737226277373,0.4032258064516129,1.2849462365591398,0.0,-666666666.0,202692.0,-39468.75057723048,0.0,1418420.4249522209,1.984190948759057,12.167958047588701,,,None / Costa-Hawkins only
106,95117,San Jose,Santa Clara County,52.35401459854014,0.6228333494722572,0.0935412026726058,0.4079518285663685,2219.0,112003.0,0.2377436318670035,0.2137748756218905,1822713.5812778997,0.4913997196568154,23.870509907500413,0.3,53.846153846153854,"Moderate (pre-1979, 2+ units)"
107,95128,San Jose,Santa Clara County,52.18978102189781,0.5573366214549939,0.0823239283382896,0.3050529419648841,2258.0,117284.0,0.2310289553562293,0.2321707444039562,1495786.9032826542,-0.351567588355739,17.03559692976424,0.2203389830508474,34.09090909090908,"Moderate (pre-1979, 2+ units)"
108,94523,Pleasant Hill,Contra Costa County,52.13503649635037,0.3662492885600455,0.0449630051223676,0.1948529411764706,2204.0,136787.0,0.1933517073990949,0.2097902097902098,1000456.8702401728,-2.4796257115300424,3.7385376980223706,0.25,-6.172839506172845,None / Costa-Hawkins only
109,94127,San Francisco,San Francisco County,52.06204379562044,0.1816079444973473,0.0646170589035505,0.0552006133401482,3501.0,200082.0,0.2099739106966144,0.097378277153558,1943926.3210520511,7.759961954627159,9.019473217607054,0.0303030303030303,-17.500000000000004,Strong (pre-1979)
110,94903,San Rafael,Marin County,51.91605839416059,0.3518849528761781,0.0401364965875853,0.1728636150601468,2531.0,131172.0,0.2315433171713475,0.2636804433156315,1269125.9695730817,1.2969510603142442,6.981388369754926,0.1829268292682926,-37.878787878787875,None / Costa-Hawkins only
111,95126,San Jose,Santa Clara County,51.75182481751824,0.6548729911871436,0.0635044064282011,0.2885084084815988,2299.0,121520.0,0.2270243581303489,0.1834553730457154,1218762.5778366446,-4.401558535816719,4.162095820671885,0.2727272727272727,48.07692307692308,"Moderate (pre-1979, 2+ units)"
112,94538,Fremont,Alameda County,51.715328467153284,0.5522529858849077,0.0564151284835323,0.2156224572823433,2624.0,143146.0,0.219971218196806,0.1635946588023265,1342015.899661599,-4.458188703885813,13.823598114189984,0.2542372881355932,19.191919191919183,None / Costa-Hawkins only
113,94801,Richmond,Contra Costa County,51.56934306569343,0.5395022713806044,0.0658700375271578,0.2105994626146576,1425.0,72268.0,0.2366192505673327,0.2372322899505766,520108.1202521871,-4.875815370872383,-5.132879450409189,0.1272727272727272,1.85185185185186,Moderate
114,95037,Morgan Hill,Santa Clara County,51.35036496350365,0.281989522490516,0.034563738182694,0.1166986787730632,2097.0,153091.0,0.1643728240066365,0.2146060217809096,1358138.839468693,0.37796816706943126,9.353258196896231,0.2076923076923077,35.41666666666667,None / Costa-Hawkins only
115,94305,Stanford,Santa Clara County,51.19525547445256,0.7336317851147174,0.1550083939563514,0.3001453488372093,1822.0,72500.0,0.3015724137931034,0.3203661327231121,3295414.993540786,1.9640867759078695,15.854820843182926,,,None / Costa-Hawkins only
116,94541,Hayward,Alameda County,50.93065693430656,0.5376770022310249,0.0597823612439102,0.1729678638941398,1988.0,96176.0,0.2480452503743137,0.2919806926920145,785828.3188996358,-4.899658315677414,-1.6805600156962863,0.12,-30.555555555555557,Limited
117,95136,San Jose,Santa Clara County,50.85766423357665,0.4285446712867578,0.029156521196229,0.2217908274690609,2540.0,137006.0,0.222472008525174,0.2421328671328671,1402631.3248329607,-3.782151305002923,13.578033113425892,0.2043010752688172,63.1578947368421,"Moderate (pre-1979, 2+ units)"
118,94401,San Mateo,San Mateo County,50.784671532846716,0.5489109520511044,0.0776572000307858,0.3769461505499214,2528.0,117678.0,0.2577882017029521,0.303421200224341,1223225.5088928954,0.5655353245928696,6.439950153978091,0.2631578947368421,-21.91780821917808,None / Costa-Hawkins only
119,94022,Los Altos,Santa Clara County,50.720802919708035,0.1830813240702901,0.1111565181855333,0.0991786195905357,3501.0,250001.0,0.1680473278106887,0.1413690476190476,5154203.721516581,4.592467431765579,19.18589842915912,0.1702127659574468,-14.54545454545455,None / Costa-Hawkins only
120,94060,Pescadero,San Mateo County,50.70255474452555,0.3480662983425414,0.7486187845303868,0.0426540284360189,720.0,105909.0,0.0815794691669263,0.0,1195651.030382234,-0.08633942587843446,-4.251443377434061,,,None / Costa-Hawkins only
121,94704,Berkeley,Alameda County,50.428832116788314,0.8833987248651299,0.1692005885237861,0.5842072147651006,1957.0,51696.0,0.4542711234911792,0.4398334489937543,1151180.3370709028,-1.6869052180008892,-6.349609583564131,,-15.000000000000002,Strong (pre-1980)
122,94132,San Francisco,San Francisco County,50.355839416058394,0.523732980332829,0.1217851739788199,0.1693358057990559,2346.0,104537.0,0.2693017783177248,0.3247878678461816,1361249.973715855,4.95966396928631,4.958094477441155,0.0833333333333333,,Strong (pre-1979)
123,95030,Los Gatos,Santa Clara County,50.310218978102185,0.2205380826070481,0.1007957559681697,0.1144578313253012,2521.0,242500.0,0.1247505154639175,0.1984536082474226,3624771.077546712,2.9111742118619555,14.839656808672785,0.1458333333333333,41.176470588235304,None / Costa-Hawkins only
124,94080,South San Francisco,San Mateo County,50.191605839416056,0.3838883888388839,0.0473447344734473,0.1702475077346167,2554.0,126916.0,0.2414825553909672,0.245369284876905,1235840.0661614882,1.1232333619695112,7.2915054361437415,0.1688311688311688,48.07692307692308,None / Costa-Hawkins only
125,95403,Santa Rosa,Sonoma County,50.05474452554744,0.446875,0.0581875,0.2042998050912527,1950.0,93826.0,0.2493978214993711,0.2327272727272727,730080.6764579032,-2.6490818732056276,1.634644523439155,0.1888888888888888,-21.052631578947366,None / Costa-Hawkins only
126,94509,Antioch,Contra Costa County,50.018248175182485,0.4450056116722783,0.0285763619096952,0.1455850260198086,1759.0,78637.0,0.2684232613146483,0.3529925307983315,540119.195853484,-4.245226148228165,-3.202290938730279,0.1287878787878787,-13.725490196078427,None / Costa-Hawkins only
127,94608,Emeryville,Alameda County,50.00000000000001,0.6649228020926375,0.1044404746714303,0.2651493270175033,2383.0,114286.0,0.2502143744640638,0.1976587986950681,616888.6829022,-8.979342327333573,-16.5386021886337,0.1818181818181818,-16.19047619047619,None / Costa-Hawkins only
128,94582,San Ramon,Contra Costa County,49.85401459854014,0.3015323776569451,0.0224295600593178,0.1624463648999818,2488.0,202775.0,0.1472370854395265,0.244672131147541,1766708.2910098035,-6.987160629792289,3.710788298309997,0.2150537634408602,12.04819277108433,None / Costa-Hawkins only
129,94005,Brisbane,San Mateo County,49.808394160583944,0.3328075709779179,0.1125131440588853,0.2811909262759924,2288.0,137583.0,0.199559538605787,0.259083728278041,1163815.1088726427,-1.1589614306838247,1.515995736185749,,-33.333333333333336,None / Costa-Hawkins only
130,94949,Novato,Marin County,49.67153284671534,0.3672885741522538,0.0370420808933678,0.2179908076165463,2289.0,112068.0,0.245101188564086,0.2777159807193177,1247695.065899429,1.1025223962094932,8.925528550945883,0.2244897959183673,-7.547169811320753,None / Costa-Hawkins only
131,94044,Pacifica,San Mateo County,49.67153284671533,0.3160346928535589,0.0310372016342914,0.1374443826473859,2804.0,151680.0,0.2218354430379746,0.2889544114311635,1277292.9512904985,-1.938960220544661,2.8566714504401514,0.1538461538461538,-12.16216216216216,None / Costa-Hawkins only
132,95404,Santa Rosa,Sonoma County,49.534671532846716,0.4195706185895394,0.0714149200484168,0.1708288738256629,1689.0,96483.0,0.2100680948975467,0.3064075311266322,821783.4484539066,-1.7244067974396704,0.10537749373822347,0.1636363636363636,0.0,None / Costa-Hawkins only
133,94577,San Leandro,Alameda County,49.470802919708035,0.4349076959961639,0.0450731239510908,0.2097958247304427,1915.0,106695.0,0.2153802896105721,0.2592337375964719,811255.9677246964,-4.578848988490137,-2.2726105735817903,0.2372881355932203,-14.492753623188403,None / Costa-Hawkins only
134,95111,San Jose,Santa Clara County,49.28832116788322,0.4144195830942819,0.0306623318671511,0.1609351806036615,1809.0,90808.0,0.2390538278565765,0.2756499000153822,1077317.2752189692,-1.7264269286148104,13.576927739723255,0.2352941176470588,-10.526315789473683,"Moderate (pre-1979, 2+ units)"
135,94605,Oakland,Alameda County,49.11496350364964,0.3929185694798647,0.0584188363679497,0.2115880309313011,1595.0,90685.0,0.2110602635496498,0.3530566037735849,665060.9843574566,-7.669192751371357,-14.370461096979836,0.1512605042016806,-22.72727272727273,Strong (pre-1983)
136,94957,Ross,Marin County,49.0602189781022,0.1839887640449438,0.1123595505617977,0.0441919191919191,2908.0,250001.0,0.1395834416662333,0.0,4125965.625440249,4.065784233228897,4.216729650653495,,,None / Costa-Hawkins only
137,94585,Suisun City,Solano County,49.01459854014598,0.3820271249611761,0.0279532042654519,0.1371739349380602,1776.0,95109.0,0.2240797400876888,0.2523035230352303,533177.0237732973,-3.405858738998402,-0.9694399803480969,0.2040816326530612,-20.967741935483875,None / Costa-Hawkins only
138,94089,Sunnyvale,Santa Clara County,48.95985401459855,0.4715726476781558,0.0417821123794746,0.1677659574468085,3148.0,149270.0,0.2530716151939438,0.1095182138660399,1489946.934970973,-2.1595066296214216,15.428672712779502,0.3333333333333333,114.28571428571428,None / Costa-Hawkins only
139,94116,San Francisco,San Francisco County,48.777372262773724,0.2600858927641853,0.0655257678292556,0.0803053435114503,2690.0,145931.0,0.2212004303403663,0.1848886664998749,1574856.4273219963,8.245239162512608,11.836956190535197,0.0425531914893617,-2.083333333333337,Strong (pre-1979)
140,94805,Richmond,Contra Costa County,48.649635036496356,0.3181736148709619,0.0658725861757805,0.0917710802573654,1799.0,101932.0,0.2117882509908566,0.2024957458876914,702222.1959285839,-3.472575346954254,-6.75088540868749,0.05,-42.85714285714286,Moderate
141,95020,Gilroy,Santa Clara County,48.649635036496356,0.3521482304235876,0.0444287373150906,0.1275196983612897,2134.0,128977.0,0.1985470277646402,0.2104659498207885,1076207.07312661,-2.3318142394781582,5.779460835273631,0.2066115702479339,-2.4193548387096753,None / Costa-Hawkins only
142,95118,San Jose,Santa Clara County,48.6405109489051,0.3664290115306751,0.054308599595106,0.2105526799131741,2351.0,142563.0,0.1978914585130784,0.2394907518616382,1703613.2586419266,0.3932129014098784,20.454184513521945,0.3478260869565217,43.75,"Moderate (pre-1979, 2+ units)"
143,94555,Fremont,Alameda County,48.339416058394164,0.3149431186382687,0.0249764776323667,0.0505716431611449,2944.0,202832.0,0.1741737004023033,0.1561651276480173,1534962.450252122,-3.7540125931062263,14.615067275778726,0.2549019607843137,13.33333333333333,None / Costa-Hawkins only
144,94708,Berkeley,Alameda County,48.330291970802925,0.1439577371780761,0.0807836231565045,0.0372708757637474,2645.0,218950.0,0.1449646037908198,0.1116207951070336,1635194.281637285,-2.9538344539204453,1.4857441334763077,0.0,,Strong (pre-1980)
145,94024,Los Altos,Santa Clara County,48.33029197080292,0.1204878649747443,0.0582727608722434,0.0214202561117578,3501.0,250001.0,0.1680473278106887,0.1359918200408998,4704359.818317366,2.4618016010415245,18.72898835604402,0.1555555555555555,45.16129032258065,None / Costa-Hawkins only
146,94015,Daly City,San Mateo County,48.32116788321168,0.3956339128736081,0.0765774565344794,0.2115768463073852,2603.0,117289.0,0.2663165343723623,0.3244043945191951,1187049.5814236624,-0.14943419944931646,2.7711350321982797,0.1296296296296296,-19.402985074626866,None / Costa-Hawkins only
147,94568,Dublin,Alameda County,48.029197080291965,0.3563583937582156,0.04074969257516,0.1302966101694915,2876.0,191039.0,0.1806542119671899,0.1479057591623036,1298363.2358308395,-8.357163660141275,2.4145832498327024,0.2681564245810056,18.5430463576159,None / Costa-Hawkins only
148,94303,East Palo Alto,San Mateo County,48.01094890510949,0.4326141776407957,0.0795741103950686,0.2010770827926291,2357.0,144259.0,0.1960640237350875,0.2650582901554404,2140422.1538703837,0.24736966855802844,10.381813708125676,0.2622950819672131,27.083333333333325,Strong
149,94062,Emerald Lake Hills,San Mateo County,47.956204379562045,0.2762682095257774,0.078417191858663,0.1209043878137574,2613.0,230391.0,0.13609906636978,0.1978309648466716,2713312.5813094643,1.7545172885373495,7.2012112460055455,0.2207792207792207,18.461538461538463,None / Costa-Hawkins only
150,94561,Oakley,Contra Costa County,47.93795620437957,0.2339003193938943,0.036544603728738,0.0273020422787531,1863.0,119646.0,0.1868512110726643,0.1533820260400127,665613.689052063,-3.3941914287189956,-1.2602669522058685,0.1759259259259259,-8.47457627118644,None / Costa-Hawkins only
151,94601,Oakland,Alameda County,47.93795620437956,0.6610497409973164,0.0723335205641889,0.3805726923524619,1438.0,62825.0,0.2746677278153601,0.3386518126888218,551981.0645933117,-9.46330644208282,-14.247629666602645,0.1774193548387097,1.6393442622950838,Strong (pre-1983)
152,95113,San Jose,Santa Clara County,47.70985401459854,0.8456057007125891,0.1765637371338083,0.1473755047106325,2464.0,133021.0,0.2222806925222333,0.2003745318352059,665264.2764377893,-9.993007791297536,-13.19917615723588,,,"Moderate (pre-1979, 2+ units)"
153,94515,Calistoga,Napa County,47.58211678832117,0.3431085043988269,0.1946480938416422,0.1199754525928198,1602.0,102557.0,0.1874469807034137,0.0726495726495726,1079843.895660577,-4.7329870733525015,-4.510929822346799,0.0952380952380952,0.0,None / Costa-Hawkins only
154,95433,Sonoma,Sonoma County,47.46350364963504,,,,,,,,741006.8292874941,-3.90863640565855,-7.426890011846443,,,None / Costa-Hawkins only
155,95122,San Jose,Santa Clara County,47.44525547445255,0.4939648713893282,0.0390410388745525,0.1904342252844095,2141.0,94924.0,0.270658632168893,0.256319514661274,1001672.8613205953,-4.032683794887504,7.859046980176876,0.1842105263157894,-2.564102564102566,"Moderate (pre-1979, 2+ units)"
156,95116,San Jose,Santa Clara County,47.43613138686131,0.604109690294922,0.0313400842634341,0.2032537805489858,1850.0,81216.0,0.2733451536643026,0.2850850360944573,948443.0986216564,-3.5444148976970347,7.854848913141521,0.2708333333333333,0.0,"Moderate (pre-1979, 2+ units)"
157,94945,Novato,Marin County,47.42700729927007,0.2691034482758621,0.0238620689655172,0.1215142125825138,2087.0,115000.0,0.2177739130434782,0.1717068170169144,1090815.6480739485,-1.1621741299883803,7.725733199861984,0.25,-8.333333333333337,None / Costa-Hawkins only
158,94536,Fremont,Alameda County,47.31751824817518,0.4139739400540562,0.0490136754205494,0.1481310567604984,2575.0,152076.0,0.2031878797443383,0.2394270122783083,1463283.297472331,-4.14977880172851,15.525896383730565,0.2288135593220339,0.0,None / Costa-Hawkins only
159,95148,San Jose,Santa Clara County,47.308394160583944,0.203055485603962,0.0247628640980441,0.0255570117955439,2893.0,158565.0,0.2189386056191467,0.1914014055394791,1573107.5609447155,-1.563851931208704,18.277179408192843,0.1666666666666666,-22.22222222222222,"Moderate (pre-1979, 2+ units)"
160,95139,San Jose,Santa Clara County,47.308394160583944,0.2441204139228598,0.0141110065851364,0.0,3078.0,187656.0,0.1968282389052308,0.1483622350674373,1368796.7152889862,-2.2656587105826076,19.24173484808216,,,"Moderate (pre-1979, 2+ units)"
161,95119,San Jose,Santa Clara County,47.153284671532845,0.2655334114888628,0.0152403282532239,0.0640877598152424,2800.0,151500.0,0.2217821782178217,0.1600441501103753,1446298.8974920225,-4.166730542333886,14.405223006194134,,-26.086956521739136,"Moderate (pre-1979, 2+ units)"
162,94619,Oakland,Alameda County,47.153284671532845,0.3002806361085126,0.0616360045733291,0.174270608968083,1998.0,130876.0,0.1831963079556221,0.2907580477673935,843413.0939164069,-6.021001319080721,-12.143365237643234,0.1739130434782608,-35.2112676056338,Strong (pre-1983)
163,94020,La Honda,San Mateo County,46.99817518248175,0.2772511848341232,0.1943127962085308,0.0,2113.0,250001.0,0.1014235943056227,0.1324786324786324,1000691.5842949146,3.3813420109202186,7.872103264744412,,,None / Costa-Hawkins only
164,94951,Penngrove,Sonoma County,46.97992700729927,0.3038147138964577,0.0653950953678474,0.008312020460358,1472.0,110296.0,0.1601508667585406,0.2376681614349775,1288249.6789256977,0.2434379062476566,5.082622207068144,,,None / Costa-Hawkins only
165,95123,San Jose,Santa Clara County,46.95255474452555,0.396827379465401,0.0317262053459905,0.1920500403551251,2747.0,138557.0,0.2379093080825941,0.2359668450320008,1396785.9077833246,-3.4470010401219,15.654018165284223,0.2105263157894736,31.034482758620683,"Moderate (pre-1979, 2+ units)"
166,94030,Millbrae,San Mateo County,46.815693430656935,0.3863017091899925,0.0641565518949715,0.19006052141527,3140.0,146649.0,0.256940040504879,0.3260660468098749,2067126.7835949436,4.88966344127264,16.417852243586207,0.1851851851851851,-18.181818181818176,None / Costa-Hawkins only
167,95124,San Jose,Santa Clara County,46.77007299270073,0.2678283873936047,0.0318035426731078,0.0929714062761273,2583.0,178058.0,0.1740781093800896,0.2578913463603178,2005760.3667340225,1.0890949692032859,24.471075467952886,0.208,81.15942028985508,"Moderate (pre-1979, 2+ units)"
168,95138,,Santa Clara County,46.770072992700726,0.1580454626812242,0.0214784320744585,0.097774662694936,2511.0,189359.0,0.159126315622706,0.2774631936579841,1839454.9551560115,-1.2541024208645335,12.349139859354619,0.1923076923076923,-3.703703703703709,None / Costa-Hawkins only
169,94588,Pleasanton,Alameda County,46.72445255474452,0.3522616335828181,0.0251383013342011,0.1587175620982461,2879.0,177016.0,0.1951687983007185,0.2332563510392609,1442458.8797506178,-8.35997124320068,4.5561392838082915,0.2571428571428571,2.941176470588225,None / Costa-Hawkins only
170,94521,Concord,Contra Costa County,46.67883211678832,0.2573325597885644,0.0264939083349448,0.1626475759859331,2094.0,121368.0,0.2070397468855052,0.2079158316633266,793332.7725477787,-1.798713692911591,-0.07694266204155698,0.2241379310344827,13.725490196078427,None / Costa-Hawkins only
171,94607,Oakland,Alameda County,46.660583941605836,0.6623245650895033,0.1517774602907807,0.2817949653411163,1608.0,77701.0,0.2483365722448874,0.2405786067757898,529896.7375491132,-10.283578273751882,-20.38832718086515,0.1951219512195122,-19.6078431372549,Strong (pre-1983)
172,95046,San Martin,Santa Clara County,46.61496350364963,0.2729257641921397,0.0551310043668122,0.0206932229694774,2103.0,148000.0,0.1705135135135135,0.27,1646016.3141971591,2.7148551001529686,13.738227025737748,,,None / Costa-Hawkins only
173,94574,Saint Helena,Napa County,46.42335766423358,0.3251374023719988,0.2490598785073763,0.0880037054191755,1577.0,130250.0,0.1452898272552783,0.2419928825622775,1684219.995940218,-2.8065868776177783,-8.442957603779455,0.1475409836065573,-21.794871794871796,None / Costa-Hawkins only
174,94563,Orinda,Contra Costa County,46.040145985401466,0.0710353162347253,0.0405532429166107,0.0064524454768357,2266.0,250001.0,0.1087675649297402,0.10586011342155,2006336.7114008616,-0.679881328981069,2.5790458086133006,0.2769230769230769,-9.722222222222221,None / Costa-Hawkins only
175,95120,San Jose,Santa Clara County,45.85766423357664,0.1106116551613421,0.0325895007224273,0.015547263681592,3501.0,245273.0,0.1712866887101311,0.2387518142235123,2311979.3038122584,2.1887605210469063,19.859235732327463,0.1777777777777777,73.07692307692308,"Moderate (pre-1979, 2+ units)"
176,94583,San Ramon,Contra Costa County,45.74817518248175,0.2685489166119501,0.0288173925731378,0.1470004254715643,2598.0,178212.0,0.1749377146320113,0.1602825319206737,1414724.321590974,-6.877667879510685,3.8440586907662055,0.3333333333333333,40.74074074074075,None / Costa-Hawkins only
177,94519,Concord,Contra Costa County,45.58394160583942,0.311268603827073,0.0623671155209071,0.1490326884589726,2136.0,118587.0,0.2161451086544056,0.2786885245901639,720297.6505173477,-3.820491254512537,-1.5624069631486104,0.1081081081081081,-13.953488372093027,None / Costa-Hawkins only
178,94560,Newark,Alameda County,45.510948905109494,0.3049645390070922,0.0449848024316109,0.1335401719345872,2460.0,159465.0,0.1851189916282569,0.1647840531561462,1253153.8282265917,-5.51580359047289,7.375430355374379,0.2203389830508474,29.670329670329675,None / Costa-Hawkins only
179,94590,Vallejo,Solano County,45.51094890510949,0.5746635610766045,0.0714285714285714,0.2582125603864734,1492.0,65340.0,0.2740128558310376,0.2878856113487953,458003.1110037637,-5.09217271233795,-7.213531585122912,0.2040816326530612,-21.599999999999998,None / Costa-Hawkins only
180,94539,Fremont,Alameda County,45.49270072992701,0.2016939857412711,0.055938090305283,0.0763460095793179,2956.0,219913.0,0.1613001505140669,0.1141993957703927,2257200.351927473,-1.5664390544265272,19.646105333808194,0.209090909090909,32.53012048192772,None / Costa-Hawkins only
181,95687,Vacaville,Solano County,45.36496350364964,0.3464811203687289,0.0565059386633575,0.1575988925709971,1919.0,104135.0,0.2211360253517069,0.2272959836275262,581436.6990286618,-1.9984487130412787,1.7445651246396077,0.2275862068965517,-12.650602409638555,None / Costa-Hawkins only
182,94559,Napa,Napa County,45.25547445255474,0.4984000775719965,0.1086977601086008,0.1827007171593493,1847.0,94599.0,0.2342942314400786,0.219260700389105,814986.2842462901,-3.9963174935899293,-5.873049256466456,0.1919191919191919,-6.6037735849056585,None / Costa-Hawkins only
183,94603,Oakland,Alameda County,45.2007299270073,0.5472857953470778,0.0445432192169472,0.225894069714803,1579.0,64656.0,0.2930586488492947,0.3364437532400207,510220.8608460366,-7.294720934530375,-9.943315058079305,0.2432432432432432,-43.07692307692308,Strong (pre-1983)
184,94066,San Bruno,San Mateo County,44.99999999999999,0.3717450062627727,0.0759443602083196,0.2357085962869922,2544.0,131669.0,0.2318541190409284,0.2789501684695868,1310825.2547053872,0.11292963859703686,9.632753748218835,0.2037037037037037,-5.263157894736848,None / Costa-Hawkins only
185,94971,Tomales,Marin County,44.93613138686132,0.1842105263157894,0.868421052631579,0.0,-666666666.0,103958.0,-76954.15448546529,0.0,1107943.2102798556,6.839057117936398,4.734387841602872,,,None / Costa-Hawkins only
186,94933,Lagunitas,Marin County,44.93613138686132,0.3243697478991597,0.042016806722689,0.0983870967741935,2406.0,116953.0,0.2468684001265465,0.238341968911917,888030.6565109488,0.842067626281251,1.4927589186005008,,,None / Costa-Hawkins only
187,94580,San Lorenzo,Alameda County,44.82664233576643,0.2462678062678062,0.0271225071225071,0.0627981804060801,2025.0,103364.0,0.2350915212259587,0.2350763535400277,821284.0328474431,-4.053060946528486,2.3140693504632104,0.0333333333333333,-16.666666666666664,None / Costa-Hawkins only
188,94930,Fairfax,Marin County,44.62591240875913,0.3382675438596491,0.0912828947368421,0.1291132881185631,2103.0,129839.0,0.1943637890002233,0.2868719611021069,1248484.6906439497,2.194692726809655,4.763658473090082,0.1818181818181818,,None / Costa-Hawkins only
189,94963,Lagunitas,Marin County,44.58029197080292,0.1019108280254777,0.0,0.0,-666666666.0,215375.0,-37144.51534300639,1.0,1327974.820237098,-0.3634084811502514,6.160938098138957,,,None / Costa-Hawkins only
190,94954,Petaluma,Sonoma County,44.507299270073,0.3486079289037006,0.0159688953690203,0.069432105514932,2271.0,108630.0,0.2508699254349627,0.2407886875124477,838005.0284113568,-2.8158206266379993,1.463083902420581,0.2,-34.78260869565217,None / Costa-Hawkins only
191,94510,Benicia,Solano County,44.50729927007299,0.2984801318439846,0.0428492950009155,0.1486391571553994,2008.0,124099.0,0.1941675597708281,0.3567484662576687,786760.0571511692,-0.6431572403274188,4.835729710060455,0.2972972972972973,-16.85393258426966,None / Costa-Hawkins only
192,95070,Saratoga,Santa Clara County,44.43430656934307,0.1306424002162357,0.0700964050815388,0.0568325334680474,3448.0,237455.0,0.1742477522056811,0.1813793103448276,4196446.062702202,1.8054146114842462,21.41759715043401,0.1785714285714285,-1.7543859649122862,None / Costa-Hawkins only
193,94553,Martinez,Contra Costa County,44.27007299270073,0.2796495253989778,0.0401063940753103,0.1360878503735646,1975.0,118704.0,0.1996562879094217,0.2092502797463633,773998.0787543053,-4.2498068956107415,-0.11290030812551866,0.2336448598130841,-10.833333333333329,None / Costa-Hawkins only
194,94565,Pittsburg,Contra Costa County,44.14233576642335,0.4119833880367071,0.0342621742916471,0.1239273339593925,1856.0,92399.0,0.2410415697139579,0.2790830013820015,568819.917000181,-3.9118540336073093,-1.024833059452157,0.1923076923076923,-1.5151515151515138,None / Costa-Hawkins only
195,95441,Geyserville,Sonoma County,44.1058394160584,0.3703703703703703,0.2649572649572649,0.0191441441441441,1207.0,125400.0,0.1155023923444976,0.0615384615384615,1116535.4461940678,-5.212833828243745,-11.327297014846916,,36.36363636363635,None / Costa-Hawkins only
196,94502,Alameda,Alameda County,44.01459854014599,0.1600578273440727,0.0454357703428335,0.0067167127617542,3359.0,207823.0,0.193953508514457,0.072258064516129,1190235.905348408,-3.943293102037715,1.7590718252545212,0.1463414634146341,-4.651162790697672,None / Costa-Hawkins only
197,94803,Richmond,Contra Costa County,43.98722627737226,0.2926333796642788,0.0472575644178338,0.1363961204696273,1905.0,111610.0,0.204820356598871,0.2447935696017537,735059.5180492313,-5.049799671865052,-5.198957722094722,0.1568627450980392,0.0,Moderate
198,94571,Rio Vista,Solano County,43.85948905109489,0.2163983526769,0.0361287907150879,0.0561878952122854,1213.0,80962.0,0.1797880487142116,0.1124567474048442,460706.38364334893,-2.815890477545002,-3.0536383482671847,0.3020833333333333,0.0,None / Costa-Hawkins only
199,95472,Sebastopol,Sonoma County,43.79562043795621,0.2828056250539211,0.0902424294711414,0.0614861122101764,1730.0,108685.0,0.1910107190504669,0.2416107382550335,1102116.211385591,-1.401685391504448,-1.9123117220213648,0.064516129032258,5.084745762711873,None / Costa-Hawkins only
200,95688,Vacaville,Solano County,43.7956204379562,0.2941930887068044,0.0585678660491628,0.1326647371609342,1710.0,116699.0,0.1758369823220421,0.2511503996124969,663723.8340827691,-1.145324512272028,3.066183921364596,0.2434782608695652,10.576923076923084,None / Costa-Hawkins only
201,94508,Angwin,Napa County,43.7043795620438,0.347165991902834,0.2226720647773279,0.0397350993377483,1264.0,113036.0,0.1341873385470115,0.271137026239067,917622.5029002792,-0.643841612470486,-0.5099654131861975,0.1724137931034483,11.538461538461542,None / Costa-Hawkins only
202,94621,Oakland,Alameda County,43.448905109489054,0.6545113153473664,0.0589979246961162,0.2081933557297499,1267.0,53509.0,0.2841391167840923,0.3207005888570134,450082.8447776243,-10.054355939781834,-13.671637468920805,0.2571428571428571,-36.36363636363637,Strong (pre-1983)
203,94514,Byron,Contra Costa County,43.40328467153285,0.3385689354275741,0.0244328097731239,0.0340715502555366,2070.0,72445.0,0.3428808061287873,0.3195876288659793,848954.1208444327,5.783496410800115,-3.242256444191327,,,None / Costa-Hawkins only
204,94566,Pleasanton,Alameda County,43.3941605839416,0.2835337362158121,0.045853840882188,0.1442783105974861,2340.0,187357.0,0.1498743041359543,0.2854317732366513,1741683.8015767436,-7.600804401400074,3.886196303187228,0.2365591397849462,-6.999999999999995,None / Costa-Hawkins only
205,95110,San Jose,Santa Clara County,43.083941605839414,0.6184709658593522,0.1194922672891742,0.1967939528215821,2362.0,129265.0,0.2192704908521254,0.2120783203585751,844528.1375816251,-4.941859853336061,-6.493904651685867,0.2978723404255319,27.027027027027017,"Moderate (pre-1979, 2+ units)"
206,94037,Moss Beach,San Mateo County,43.07481751824818,0.100677637947725,0.1364956437560503,0.0,-666666666.0,184692.0,-43315.35741667208,0.0,1525533.358543614,0.4996232842702675,10.219273287049791,,,None / Costa-Hawkins only
207,95439,Fulton,Sonoma County,42.89233576642336,0.1052631578947368,0.1390977443609022,0.0,-666666666.0,158125.0,-50592.88532490119,0.0,1010866.9293754183,0.1475932948082459,6.683659106234341,,,None / Costa-Hawkins only
208,94946,Nicasio,Marin County,42.80109489051095,0.2423208191126279,0.0716723549488054,0.019108280254777,2025.0,125179.0,0.1941220172712675,0.0845070422535211,2090121.7201426767,-1.5434623229694577,2.3064743066247395,,,None / Costa-Hawkins only
209,94556,Moraga,Contra Costa County,42.773722627737214,0.1585172109443954,0.0206531332744925,0.1276374956762365,2671.0,193750.0,0.1654296774193548,0.3262806236080178,1668181.589563792,-0.9243504335615382,3.5424449553287607,0.2807017543859649,26.66666666666666,None / Costa-Hawkins only
210,94506,Danville,Contra Costa County,42.5,0.1157311909673216,0.013570730648138,0.0191730934018851,3501.0,246132.0,0.1706888986397542,0.148217636022514,2091781.6787460232,-5.441137382368977,1.8076535080093992,0.2045454545454545,25.71428571428571,None / Costa-Hawkins only
211,94518,Concord,Contra Costa County,42.18978102189781,0.2949457424968227,0.0119268745722944,0.1616268959520819,2118.0,111186.0,0.2285899303869192,0.3520053032814054,866281.0787057262,-2.317388562100753,1.7974599950058678,0.3108108108108108,-11.904761904761907,None / Costa-Hawkins only
212,95465,Occidental,Sonoma County,42.10766423357664,0.3483992467043315,0.8493408662900188,0.0,1436.0,104792.0,0.1644400335903504,0.1675675675675675,1130956.0150056982,-1.5748461125021929,-3.140531422671633,,,None / Costa-Hawkins only
213,94038,Moss Beach,San Mateo County,41.94343065693431,0.0653173873045078,0.0349586016559337,0.0,-666666666.0,116950.0,-68405.30134245404,0.7464788732394366,1473351.755722759,0.010376043726223472,12.536966966235518,,,None / Costa-Hawkins only
214,94028,Portola Valley,San Mateo County,41.879562043795616,0.1677669902912621,0.0590291262135922,0.0924092409240924,3501.0,243516.0,0.1725225447198541,0.3912037037037037,4338042.01335732,9.837173993467774,19.375535389242327,0.25,-17.647058823529417,None / Costa-Hawkins only
215,94940,Marshall,Marin County,41.81569343065694,0.4661016949152542,0.7796610169491526,0.0,-666666666.0,-666666666.0,12.0,0.0,1530377.5897762692,5.785232435354182,1.582797282403936,,,None / Costa-Hawkins only
216,95132,San Jose,Santa Clara County,41.779197080291965,0.2634506808369312,0.0309697774825639,0.0723202061689619,2816.0,164447.0,0.2054886984864424,0.2108414749448471,1679342.527565655,-2.778590655876123,21.080426555345568,0.2105263157894736,0.0,"Moderate (pre-1979, 2+ units)"
217,94587,Union City,Alameda County,41.77007299270074,0.3404602109300096,0.0384947267497603,0.1073258551447167,2462.0,138013.0,0.2140667908095614,0.1591101098282174,1265023.007357808,-6.128709498626539,9.24944072163818,0.2450980392156862,56.92307692307692,Limited
218,94924,Bolinas,Marin County,41.706204379562045,0.3494809688581315,0.7629757785467128,0.0137389597644749,1476.0,99706.0,0.17764226826871,0.2574257425742574,1914666.616436354,2.9081084180499372,-2.596873026501745,,,None / Costa-Hawkins only
219,94027,Atherton,San Mateo County,41.697080291970806,0.1409671532846715,0.1847627737226277,0.0,3501.0,250001.0,0.1680473278106887,0.1423948220064725,8314785.674277261,9.363975435046502,11.338770001573973,,,None / Costa-Hawkins only
220,94534,Fairfield,Solano County,41.6970802919708,0.2359583733116835,0.0434718429404384,0.0744093931249115,2316.0,132382.0,0.2099379069662038,0.1876759461995621,700548.6184218094,-2.2418301127618,1.2356244284312146,0.2307692307692307,-20.869565217391305,None / Costa-Hawkins only
221,94552,Castro Valley,Alameda County,41.177007299270066,0.075305427598638,0.0150210294412177,0.0051302288871349,3375.0,204260.0,0.1982767061588172,0.2180851063829787,1406408.9913166228,-3.478078451170852,8.175447331955032,,-15.000000000000002,None / Costa-Hawkins only
222,94550,Livermore,Alameda County,41.11313868613139,0.244901506373117,0.0569524913093858,0.1023954393465987,2307.0,171388.0,0.1615282283473755,0.2008516678495386,1250692.427924281,-5.57028005277207,5.847779968693678,0.2222222222222222,1.8867924528301883,None / Costa-Hawkins only
223,94551,Livermore,Alameda County,41.02189781021898,0.296575535512965,0.016206313416009,0.1076133684648453,2237.0,128356.0,0.2091370874754589,0.2280826799714896,1015799.3758373474,-6.240103317534862,4.533776489226304,0.2452830188679245,10.416666666666675,None / Costa-Hawkins only
224,95492,Windsor,Sonoma County,40.94890510948905,0.2340728679014858,0.0414207205373498,0.0727059513339196,2015.0,129250.0,0.1870793036750483,0.238695652173913,808275.1741361403,-1.0104472314011015,1.3529906479484044,0.2241379310344827,7.407407407407418,None / Costa-Hawkins only
225,94018,Half Moon Bay,San Mateo County,40.72080291970803,0.2027818448023426,0.1134699853587115,0.0552268244575936,2527.0,215439.0,0.1407544594989765,0.2057761732851985,1512580.4138750874,-2.621798616140225,5.314923853799081,,,None / Costa-Hawkins only
226,94973,Woodacre,Marin County,40.666058394160586,0.1228070175438596,0.1036682615629984,0.0,2419.0,151806.0,0.191217738429311,0.0,1121855.1044048036,2.5503045068595798,7.072228910016887,,,None / Costa-Hawkins only
227,94564,Pinole,Contra Costa County,40.565693430656935,0.2797759433962264,0.060878537735849,0.0940669723495901,2193.0,113630.0,0.231593769251078,0.2766069546891465,726086.0603047744,-4.665363269244526,-3.8659751169872303,0.0357142857142857,-34.883720930232556,None / Costa-Hawkins only
228,94591,Vallejo,Solano County,40.54744525547445,0.3199777124911356,0.0344949853105055,0.1036576408950692,1885.0,104567.0,0.2163206365296891,0.2827291435808137,591387.4765494695,-4.55866738550097,-1.9756448966215312,0.2391304347826087,-20.231213872832367,None / Costa-Hawkins only
229,94526,Danville,Contra Costa County,39.96350364963504,0.1504846393954328,0.0370461639559717,0.0728712871287128,3174.0,202697.0,0.1879060864245647,0.2210698689956332,1795866.31420876,-3.627422015083537,1.8646230506738304,0.2291666666666666,-13.513513513513509,None / Costa-Hawkins only
230,95140,,Santa Clara County,39.571167883211686,0.1578947368421052,0.5789473684210527,0.0,-666666666.0,152750.0,-52373.15870376432,0.0,1889446.1939504384,-2.0603622341562544,-10.473409963243496,,,None / Costa-Hawkins only
231,94507,Alamo,Contra Costa County,39.38868613138686,0.0808867585380467,0.0736968244457759,0.0318080357142857,3501.0,250001.0,0.1680473278106887,0.3901234567901234,2587084.8899331135,0.4302396150418275,6.23879875304838,0.0416666666666666,17.07317073170731,None / Costa-Hawkins only
232,94579,San Leandro,Alameda County,38.759124087591246,0.2384276825011382,0.0361208074062832,0.0834920169913578,1993.0,95398.0,0.250697079603346,0.2266072565245067,864518.3532152828,-4.124734039956857,0.4567838131402713,,-35.71428571428571,None / Costa-Hawkins only
233,94513,Brentwood,Contra Costa County,38.649635036496356,0.1847487160674981,0.0313646368305209,0.0316112395518406,2182.0,133930.0,0.1955051146121108,0.2005460412012906,802462.0311733034,-3.3868556906804903,0.17406471369625365,0.25,-3.6363636363636376,None / Costa-Hawkins only
234,95033,Lexington Hills,Santa Clara County,38.64963503649635,0.1931969173531756,0.124634600053149,0.0103969754253308,2429.0,176938.0,0.1647356701217375,0.1444291609353507,1461063.9941602014,-0.9194282711836532,3.5804941404515844,0.1884057971014492,6.153846153846154,None / Costa-Hawkins only
235,94542,Hayward,Alameda County,38.558394160583944,0.2934370636345502,0.0658288450029922,0.1265206812652068,2269.0,132747.0,0.2051119799317498,0.2284160435078178,1264391.1429765427,-3.775179857352695,5.548709649707595,0.3076923076923077,-21.212121212121215,Limited
236,95448,Healdsburg,Sonoma County,38.37591240875912,0.3855230968484674,0.2178730752626277,0.1224152191894127,1820.0,100437.0,0.2174497446160279,0.2463605823068309,1111279.0097017277,-2.681370146138029,1.2769727695803423,0.1868131868131868,-6.185567010309279,None / Costa-Hawkins only
237,94517,Clayton,Contra Costa County,37.55474452554745,0.0841651542649727,0.0127041742286751,0.0040322580645161,3276.0,156870.0,0.2506024096385542,0.1644204851752021,1056086.0056206286,-2.3605025791657575,1.2419176673346355,0.2058823529411764,-26.086956521739136,None / Costa-Hawkins only
238,95450,Jenner,Sonoma County,37.49087591240876,0.3839285714285714,1.6339285714285714,0.0135593220338983,1712.0,93750.0,0.219136,0.0697674418604651,857701.9306141817,-4.212162332822389,-3.1105617867009716,,,None / Costa-Hawkins only
239,94525,Crockett,Contra Costa County,37.24452554744525,0.4371293001186239,0.0569395017793594,0.0852974186307519,1759.0,93333.0,0.2261579505641091,0.3921302578018996,667538.4370322207,-7.810100991355573,-9.538487602896007,,33.33333333333333,None / Costa-Hawkins only
240,95127,San Jose,Santa Clara County,37.22627737226277,0.3415158800455523,0.0623181070479564,0.1070216187243165,2235.0,118770.0,0.2258145996463753,0.2573175250092627,1119901.982853086,-4.532807854230314,8.017291725871733,0.1967213114754098,-7.57575757575758,"Moderate (pre-1979, 2+ units)"
241,95135,San Jose,Santa Clara County,37.22627737226277,0.1248508946322067,0.0328694499668654,0.0603105350955986,3376.0,199042.0,0.2035349323258407,0.2791932059447983,1788082.9418230008,-0.16974664492591662,17.47907996815976,0.2045454545454545,31.343283582089555,"Moderate (pre-1979, 2+ units)"
242,94589,Vallejo,Solano County,37.11678832116789,0.3689279731993299,0.0374790619765494,0.0985872855701311,1732.0,85373.0,0.2434493340986026,0.3084562996594778,505196.4305672299,-5.578074094244057,-2.8365380337917023,0.3396226415094339,-38.372093023255815,None / Costa-Hawkins only
243,94586,Sunol,Alameda County,36.541970802919714,0.1733746130030959,0.1393188854489164,0.0027173913043478,2875.0,189464.0,0.1820926402905037,0.0714285714285714,1468760.03644172,-3.0512230066283452,-1.493694402360568,,,None / Costa-Hawkins only
244,94545,Hayward,Alameda County,35.98540145985401,0.2821382267876733,0.046275057345168,0.0878848536841101,2140.0,102220.0,0.2512228526707102,0.2513255567338282,908318.197369498,-7.114816250516998,-0.5748323777995723,0.1707317073170731,-8.888888888888891,Limited
245,94528,Diablo,Contra Costa County,35.92153284671533,0.0,0.1652173913043478,0.0,-666666666.0,250001.0,-31999.871968512125,,3149402.9285558723,-0.6602139672426732,-0.5976454516845586,,,None / Costa-Hawkins only
246,94558,Napa,Napa County,35.54744525547445,0.3198779532428978,0.1248917659670968,0.1382963125870537,2012.0,110397.0,0.2187015951520421,0.2472286671822634,913913.5766030968,-3.1103208344316235,1.3309367378521397,0.2162162162162162,-10.069444444444443,None / Costa-Hawkins only
247,95002,San Jose,Santa Clara County,35.22810218978102,0.3807763401109057,0.0536044362292051,0.0491228070175438,2246.0,107438.0,0.2508609616709172,0.3203883495145631,1260655.0823128251,-4.81036435792197,9.34919138691468,,,"Moderate (pre-1979, 2+ units)"
248,94503,American Canyon,Napa County,35.03649635036496,0.2112262521588946,0.0343696027633851,0.0826515278009684,2092.0,122500.0,0.2049306122448979,0.3197056418642682,746493.0284817815,-2.4421361580164502,1.920960407884209,0.2307692307692307,13.043478260869556,None / Costa-Hawkins only
249,95476,Sonoma,Sonoma County,34.85401459854015,0.3510185367131722,0.0970721163293378,0.106394411606663,1864.0,100734.0,0.2220501518851629,0.273745101698078,965638.1214603004,-4.6199195343810455,-6.007575226530292,0.1962025316455696,-10.73446327683616,None / Costa-Hawkins only
250,94947,Novato,Marin County,34.7992700729927,0.259561060408518,0.0455236853541938,0.1491218954587966,2242.0,121338.0,0.2217277357464273,0.3909585600669736,1017902.287541274,-0.9931081178821466,5.3222940538782515,0.3548387096774194,6.896551724137923,None / Costa-Hawkins only
251,94592,Vallejo,Solano County,34.24270072992701,0.1113744075829383,0.0639810426540284,0.0133630289532293,2732.0,149583.0,0.2191692906279456,0.0,720682.8115405012,-5.156569474444018,-4.476073776905665,,,None / Costa-Hawkins only
252,95121,San Jose,Santa Clara County,33.92335766423358,0.252035002035002,0.0168905168905168,0.0512307384430658,2590.0,128435.0,0.2419901117296687,0.3136859103754542,1273742.5925538335,-2.0458669941642804,15.208983664402954,0.2258064516129032,3.3333333333333437,"Moderate (pre-1979, 2+ units)"
253,94599,Yountville,Napa County,33.89598540145985,0.3285434356629654,0.2220770738079686,0.1416354890432923,1795.0,75245.0,0.286264868097548,0.3618290258449304,1366195.85624451,-0.14496136887705013,-4.503474254610518,,-28.57142857142857,None / Costa-Hawkins only
254,95409,Santa Rosa,Sonoma County,33.70437956204379,0.3351045883940621,0.0702597840755735,0.1275120182835526,2128.0,100225.0,0.2547867298578199,0.305059149257488,785253.0572220334,-2.382942450812864,0.3814854685977087,0.2242990654205607,-9.322033898305083,None / Costa-Hawkins only
255,94531,Antioch,Contra Costa County,33.1021897810219,0.2787727650570543,0.0253154991309604,0.0385465801886792,2572.0,115300.0,0.2676843018213356,0.3312550826782325,668130.934039506,-2.8651551792347685,0.18001822762201414,0.2553191489361702,-25.984251968503933,None / Costa-Hawkins only
256,94970,Stinson Beach,Marin County,32.88321167883212,0.4035087719298245,2.276315789473684,0.0,1750.0,74643.0,0.2813391744704794,0.3695652173913043,3402716.889530508,5.9706968523804305,14.254643091906694,,-27.27272727272727,None / Costa-Hawkins only
257,94511,Bethel Island,Contra Costa County,32.72810218978102,0.2684085510688836,0.3076009501187648,0.0,1281.0,85870.0,0.1790147897985326,0.3097345132743362,636835.7246415254,-4.209546921633278,-0.7629399201691589,0.15,-28.57142857142857,None / Costa-Hawkins only
258,94595,Walnut Creek,Contra Costa County,32.7007299270073,0.1945545587314834,0.0508032547465053,0.4803931301499057,2319.0,91734.0,0.3033553535221401,0.3388739946380697,697561.1275128416,-3.1997873537850774,-3.3967816339084744,0.2982456140350877,4.907975460122693,None / Costa-Hawkins only
259,95421,Cazadero,Sonoma County,32.408759124087595,0.2642857142857143,0.7342857142857143,0.0074135090609555,1042.0,67917.0,0.1841070718671319,0.3837837837837838,586334.4802069025,-0.9908198335860208,-6.097332964849267,,-29.411764705882348,None / Costa-Hawkins only
260,95497,The Sea Ranch,Sonoma County,31.998175182481756,0.0699844479004665,1.855365474339036,0.0103485838779956,1080.0,92260.0,0.1404725774983741,0.4222222222222222,1427589.2519685086,-2.201512875958278,2.136304306051895,0.032258064516129,0.0,None / Costa-Hawkins only
261,95436,Forestville,Sonoma County,30.802919708029197,0.3116776315789473,0.1229440789473684,0.0043939948736726,1613.0,87339.0,0.2216192079139903,0.2097625329815303,638899.6022411454,-3.917080019022401,-2.087123826003534,,18.75,None / Costa-Hawkins only
262,95412,Annapolis,Sonoma County,30.611313868613145,0.3983739837398374,0.3577235772357723,0.0,-666666666.0,-666666666.0,12.0,0.0,935131.6266338348,-11.893879405414376,-18.778324152218527,,,None / Costa-Hawkins only
263,95442,Glen Ellen,Sonoma County,30.0,0.2729449321628092,0.2098962490023942,0.021108179419525,1790.0,168512.0,0.1274686669198632,0.3684210526315789,1223892.9399496766,-3.7020939134718933,-6.412001629039443,0.2121212121212121,10.000000000000009,None / Costa-Hawkins only
264,95462,Monte Rio,Sonoma County,29.333941605839414,0.2278260869565217,0.7182608695652174,0.0556680161943319,1430.0,87188.0,0.1968160756067348,0.2366412213740458,549831.9943796741,-4.327510496841502,-13.28986349913228,,,None / Costa-Hawkins only
265,94547,Hercules,Contra Costa County,28.81386861313869,0.1998887652947719,0.0345939933259176,0.1217073432964197,2522.0,125880.0,0.240419447092469,0.3644963828603227,746975.6024652207,-4.743837240814908,-2.4761460840945437,0.25,7.317073170731714,None / Costa-Hawkins only
266,95452,Kenwood,Sonoma County,28.567518248175183,0.286527514231499,0.269449715370019,0.0,3010.0,144904.0,0.2492684812013471,0.0596026490066225,1297427.8456811702,-4.785104346451396,-2.238347324830703,,,None / Costa-Hawkins only
267,94923,Occidental,Sonoma County,28.175182481751825,0.2668711656441718,0.9923312883435584,0.0246343341031562,1903.0,92283.0,0.2474561945320373,0.6494252873563219,1459152.6277121415,-0.21956582136665181,2.746473748364364,0.1538461538461538,-29.729729729729726,None / Costa-Hawkins only
268,95444,Graton,Sonoma County,26.669708029197082,0.055813953488372,0.1674418604651162,0.0318725099601593,-666666666.0,-666666666.0,12.0,0.0,822292.6254891786,-2.2719595313316687,-3.6969787765691153,,,None / Costa-Hawkins only
269,95446,Guerneville,Sonoma County,26.386861313868614,0.3115911923556294,0.3481512255920233,0.0295839753466872,1260.0,82706.0,0.1828162406596861,0.352,532830.383010971,-6.053379912853584,-10.140966729552403,0.2,28.57142857142858,None / Costa-Hawkins only
270,94956,Point Reyes Station,Marin County,23.604014598540147,0.2732732732732733,0.4654654654654654,0.0870901639344262,1867.0,76750.0,0.2919087947882736,0.6428571428571429,1548784.6801444653,-1.5038744423432227,8.340464881776732,,,None / Costa-Hawkins only
271,94937,Point Reyes Station,Marin County,23.056569343065696,0.2389705882352941,0.5551470588235294,0.0,1271.0,61071.0,0.2497421034533575,0.3076923076923077,1528633.8004116633,0.3203297935252314,4.832202599899316,,,None / Costa-Hawkins only
272,94567,Pope Valley,Napa County,21.706204379562045,0.3607305936073059,0.3242009132420091,0.0068965517241379,1425.0,61042.0,0.2801349890239507,0.430379746835443,440745.7383223832,-6.5303600897084095,-5.414929280294645,,,None / Costa-Hawkins only
273,95419,Camp Meeker,Sonoma County,21.19525547445256,0.3358778625954198,0.3511450381679389,0.0,-666666666.0,-666666666.0,12.0,0.4090909090909091,460295.7570969917,-2.762815428102472,-5.2087381503766235,,,None / Costa-Hawkins only
274,94505,Discovery Bay,Contra Costa County,20.85766423357664,0.1014228383801532,0.0954031375410434,0.0104912572855953,2535.0,147292.0,0.2065285283654238,0.4064748201438849,792796.3335622977,-3.2064052084098793,-1.3828960044911964,0.2293577981651376,6.8627450980392135,None / Costa-Hawkins only
